id,value
adam,
adam.abel,
adam.cain,
adam.cain.enoch,
adam.cain.enoch.irad,
adam.cain.enoch.irad.mehujael,
adam.cain.enoch.irad.mehujael.methushael,
adam.cain.enoch.irad.mehujael.methushael.lamech,
adam.seth,
adam.seth.enosh,
adam.seth.enosh.kenan,
adam.seth.enosh.kenan.mahalalel,
adam.seth.enosh.kenan.mahalalel.jared,
adam.seth.enosh.kenan.mahalalel.jared.enoch,
adam.seth.enosh.kenan.mahalalel.jared.enoch.methuselah,
adam.seth.enosh.kenan.mahalalel.jared.enoch.methuselah.lamech,
adam.seth.enosh.kenan.mahalalel.jared.enoch.methuselah.lamech.noah,
adam.seth.enosh.kenan.mahalalel.jared.enoch.methuselah.lamech.noah.shem,
adam.seth.enosh.kenan.mahalalel.jared.enoch.methuselah.lamech.noah.shem.elam,
adam.seth.enosh.kenan.mahalalel.jared.enoch.methuselah.lamech.noah.shem.asshur,
adam.seth.enosh.kenan.mahalalel.jared.enoch.methuselah.lamech.noah.shem.arpachshad,
adam.seth.enosh.kenan.mahalalel.jared.enoch.methuselah.lamech.noah.shem.arpachshad.shelah,
adam.seth.enosh.kenan.mahalalel.jared.enoch.methuselah.lamech.noah.shem.arpachshad.shelah.eber,
adam.seth.enosh.kenan.mahalalel.jared.enoch.methuselah.lamech.noah.shem.arpachshad.shelah.eber.joktan,
adam.seth.enosh.kenan.mahalalel.jared.enoch.methuselah.lamech.noah.shem.arpachshad.shelah.eber.peleg,
adam.seth.enosh.kenan.mahalalel.jared.enoch.methuselah.lamech.noah.shem.arpachshad.shelah.eber.peleg.reu,
adam.seth.enosh.kenan.mahalalel.jared.enoch.methuselah.lamech.noah.shem.arpachshad.shelah.eber.peleg.reu.serug,
adam.seth.enosh.kenan.mahalalel.jared.enoch.methuselah.lamech.noah.shem.arpachshad.shelah.eber.peleg.reu.serug.nahor,
adam.seth.enosh.kenan.mahalalel.jared.enoch.methuselah.lamech.noah.shem.arpachshad.shelah.eber.peleg.reu.serug.nahor.terah,
adam.seth.enosh.kenan.mahalalel.jared.enoch.methuselah.lamech.noah.shem.arpachshad.shelah.eber.peleg.reu.serug.nahor.terah.haran,
adam.seth.enosh.kenan.mahalalel.jared.enoch.methuselah.lamech.noah.shem.arpachshad.shelah.eber.peleg.reu.serug.nahor.terah.haran.lot,
adam.seth.enosh.kenan.mahalalel.jared.enoch.methuselah.lamech.noah.shem.arpachshad.shelah.eber.peleg.reu.serug.nahor.terah.haran.lot.moab,
adam.seth.enosh.kenan.mahalalel.jared.enoch.methuselah.lamech.noah.shem.arpachshad.shelah.eber.peleg.reu.serug.nahor.terah.haran.lot.moab.moabites,
adam.seth.enosh.kenan.mahalalel.jared.enoch.methuselah.lamech.noah.shem.arpachshad.shelah.eber.peleg.reu.serug.nahor.terah.haran.lot.ben ammi,
adam.seth.enosh.kenan.mahalalel.jared.enoch.methuselah.lamech.noah.shem.arpachshad.shelah.eber.peleg.reu.serug.nahor.terah.haran.lot.ben ammi.ammonites,
adam.seth.enosh.kenan.mahalalel.jared.enoch.methuselah.lamech.noah.shem.arpachshad.shelah.eber.peleg.reu.serug.nahor.terah.abram,
adam.seth.enosh.kenan.mahalalel.jared.enoch.methuselah.lamech.noah.shem.arpachshad.shelah.eber.peleg.reu.serug.nahor.terah.abram.ishmael,
adam.seth.enosh.kenan.mahalalel.jared.enoch.methuselah.lamech.noah.shem.arpachshad.shelah.eber.peleg.reu.serug.nahor.terah.abram.isaac,
adam.seth.enosh.kenan.mahalalel.jared.enoch.methuselah.lamech.noah.shem.arpachshad.shelah.eber.peleg.reu.serug.nahor.terah.abram.isaac.esau,
adam.seth.enosh.kenan.mahalalel.jared.enoch.methuselah.lamech.noah.shem.arpachshad.shelah.eber.peleg.reu.serug.nahor.terah.abram.isaac.esau.eliphaz,
adam.seth.enosh.kenan.mahalalel.jared.enoch.methuselah.lamech.noah.shem.arpachshad.shelah.eber.peleg.reu.serug.nahor.terah.abram.isaac.esau.eliphaz.teman,
adam.seth.enosh.kenan.mahalalel.jared.enoch.methuselah.lamech.noah.shem.arpachshad.shelah.eber.peleg.reu.serug.nahor.terah.abram.isaac.esau.eliphaz.omar,
adam.seth.enosh.kenan.mahalalel.jared.enoch.methuselah.lamech.noah.shem.arpachshad.shelah.eber.peleg.reu.serug.nahor.terah.abram.isaac.esau.eliphaz.zepho,
adam.seth.enosh.kenan.mahalalel.jared.enoch.methuselah.lamech.noah.shem.arpachshad.shelah.eber.peleg.reu.serug.nahor.terah.abram.isaac.esau.eliphaz.gatam,
adam.seth.enosh.kenan.mahalalel.jared.enoch.methuselah.lamech.noah.shem.arpachshad.shelah.eber.peleg.reu.serug.nahor.terah.abram.isaac.esau.eliphaz.kenaz,
adam.seth.enosh.kenan.mahalalel.jared.enoch.methuselah.lamech.noah.shem.arpachshad.shelah.eber.peleg.reu.serug.nahor.terah.abram.isaac.esau.eliphaz.timna,
adam.seth.enosh.kenan.mahalalel.jared.enoch.methuselah.lamech.noah.shem.arpachshad.shelah.eber.peleg.reu.serug.nahor.terah.abram.isaac.esau.eliphaz.amalek,
adam.seth.enosh.kenan.mahalalel.jared.enoch.methuselah.lamech.noah.shem.arpachshad.shelah.eber.peleg.reu.serug.nahor.terah.abram.isaac.esau.eliphaz.amalek.amalekites,
adam.seth.enosh.kenan.mahalalel.jared.enoch.methuselah.lamech.noah.shem.arpachshad.shelah.eber.peleg.reu.serug.nahor.terah.abram.isaac.esau.reuel,
adam.seth.enosh.kenan.mahalalel.jared.enoch.methuselah.lamech.noah.shem.arpachshad.shelah.eber.peleg.reu.serug.nahor.terah.abram.isaac.esau.jeush,
adam.seth.enosh.kenan.mahalalel.jared.enoch.methuselah.lamech.noah.shem.arpachshad.shelah.eber.peleg.reu.serug.nahor.terah.abram.isaac.esau.jalam,
adam.seth.enosh.kenan.mahalalel.jared.enoch.methuselah.lamech.noah.shem.arpachshad.shelah.eber.peleg.reu.serug.nahor.terah.abram.isaac.esau.korah,
adam.seth.enosh.kenan.mahalalel.jared.enoch.methuselah.lamech.noah.shem.arpachshad.shelah.eber.peleg.reu.serug.nahor.terah.abram.isaac.jacob,
adam.seth.enosh.kenan.mahalalel.jared.enoch.methuselah.lamech.noah.shem.arpachshad.shelah.eber.peleg.reu.serug.nahor.terah.abram.isaac.jacob.reuben,
adam.seth.enosh.kenan.mahalalel.jared.enoch.methuselah.lamech.noah.shem.arpachshad.shelah.eber.peleg.reu.serug.nahor.terah.abram.isaac.jacob.simeon,
adam.seth.enosh.kenan.mahalalel.jared.enoch.methuselah.lamech.noah.shem.arpachshad.shelah.eber.peleg.reu.serug.nahor.terah.abram.isaac.jacob.levi,
adam.seth.enosh.kenan.mahalalel.jared.enoch.methuselah.lamech.noah.shem.arpachshad.shelah.eber.peleg.reu.serug.nahor.terah.abram.isaac.jacob.levi.gershon,
adam.seth.enosh.kenan.mahalalel.jared.enoch.methuselah.lamech.noah.shem.arpachshad.shelah.eber.peleg.reu.serug.nahor.terah.abram.isaac.jacob.levi.gershon.libni,
adam.seth.enosh.kenan.mahalalel.jared.enoch.methuselah.lamech.noah.shem.arpachshad.shelah.eber.peleg.reu.serug.nahor.terah.abram.isaac.jacob.levi.gershon.libni.jahath,
adam.seth.enosh.kenan.mahalalel.jared.enoch.methuselah.lamech.noah.shem.arpachshad.shelah.eber.peleg.reu.serug.nahor.terah.abram.isaac.jacob.levi.gershon.libni.jahath.shimei,
adam.seth.enosh.kenan.mahalalel.jared.enoch.methuselah.lamech.noah.shem.arpachshad.shelah.eber.peleg.reu.serug.nahor.terah.abram.isaac.jacob.levi.gershon.libni.jahath.shimei.zimmah,
adam.seth.enosh.kenan.mahalalel.jared.enoch.methuselah.lamech.noah.shem.arpachshad.shelah.eber.peleg.reu.serug.nahor.terah.abram.isaac.jacob.levi.gershon.libni.jahath.shimei.zimmah.ethan,
adam.seth.enosh.kenan.mahalalel.jared.enoch.methuselah.lamech.noah.shem.arpachshad.shelah.eber.peleg.reu.serug.nahor.terah.abram.isaac.jacob.levi.gershon.libni.jahath.shimei.zimmah.ethan.adaiah,
adam.seth.enosh.kenan.mahalalel.jared.enoch.methuselah.lamech.noah.shem.arpachshad.shelah.eber.peleg.reu.serug.nahor.terah.abram.isaac.jacob.levi.gershon.libni.jahath.shimei.zimmah.ethan.adaiah.zerah,
adam.seth.enosh.kenan.mahalalel.jared.enoch.methuselah.lamech.noah.shem.arpachshad.shelah.eber.peleg.reu.serug.nahor.terah.abram.isaac.jacob.levi.gershon.libni.jahath.shimei.zimmah.ethan.adaiah.zerah.ethni,
adam.seth.enosh.kenan.mahalalel.jared.enoch.methuselah.lamech.noah.shem.arpachshad.shelah.eber.peleg.reu.serug.nahor.terah.abram.isaac.jacob.levi.gershon.libni.jahath.shimei.zimmah.ethan.adaiah.zerah.ethni.malchijah,
adam.seth.enosh.kenan.mahalalel.jared.enoch.methuselah.lamech.noah.shem.arpachshad.shelah.eber.peleg.reu.serug.nahor.terah.abram.isaac.jacob.levi.gershon.libni.jahath.shimei.zimmah.ethan.adaiah.zerah.ethni.malchijah.baaseiah,
adam.seth.enosh.kenan.mahalalel.jared.enoch.methuselah.lamech.noah.shem.arpachshad.shelah.eber.peleg.reu.serug.nahor.terah.abram.isaac.jacob.levi.gershon.libni.jahath.shimei.zimmah.ethan.adaiah.zerah.ethni.malchijah.baaseiah.michael,
adam.seth.enosh.kenan.mahalalel.jared.enoch.methuselah.lamech.noah.shem.arpachshad.shelah.eber.peleg.reu.serug.nahor.terah.abram.isaac.jacob.levi.gershon.libni.jahath.shimei.zimmah.ethan.adaiah.zerah.ethni.malchijah.baaseiah.michael.shimea,
adam.seth.enosh.kenan.mahalalel.jared.enoch.methuselah.lamech.noah.shem.arpachshad.shelah.eber.peleg.reu.serug.nahor.terah.abram.isaac.jacob.levi.gershon.libni.jahath.shimei.zimmah.ethan.adaiah.zerah.ethni.malchijah.baaseiah.michael.shimea.berechiah,
adam.seth.enosh.kenan.mahalalel.jared.enoch.methuselah.lamech.noah.shem.arpachshad.shelah.eber.peleg.reu.serug.nahor.terah.abram.isaac.jacob.levi.gershon.libni.jahath.shimei.zimmah.ethan.adaiah.zerah.ethni.malchijah.baaseiah.michael.shimea.berechiah.asaph,
adam.seth.enosh.kenan.mahalalel.jared.enoch.methuselah.lamech.noah.shem.arpachshad.shelah.eber.peleg.reu.serug.nahor.terah.abram.isaac.jacob.levi.gershon.libni.jahath.zimmah,
adam.seth.enosh.kenan.mahalalel.jared.enoch.methuselah.lamech.noah.shem.arpachshad.shelah.eber.peleg.reu.serug.nahor.terah.abram.isaac.jacob.levi.gershon.libni.jahath.zimmah.joah,
adam.seth.enosh.kenan.mahalalel.jared.enoch.methuselah.lamech.noah.shem.arpachshad.shelah.eber.peleg.reu.serug.nahor.terah.abram.isaac.jacob.levi.gershon.libni.jahath.zimmah.joah.iddo,
adam.seth.enosh.kenan.mahalalel.jared.enoch.methuselah.lamech.noah.shem.arpachshad.shelah.eber.peleg.reu.serug.nahor.terah.abram.isaac.jacob.levi.gershon.libni.jahath.zimmah.joah.iddo.zerah,
adam.seth.enosh.kenan.mahalalel.jared.enoch.methuselah.lamech.noah.shem.arpachshad.shelah.eber.peleg.reu.serug.nahor.terah.abram.isaac.jacob.levi.gershon.libni.jahath.zimmah.joah.iddo.zerah.jeatherai,
adam.seth.enosh.kenan.mahalalel.jared.enoch.methuselah.lamech.noah.shem.arpachshad.shelah.eber.peleg.reu.serug.nahor.terah.abram.isaac.jacob.levi.gershon.shimei,
adam.seth.enosh.kenan.mahalalel.jared.enoch.methuselah.lamech.noah.shem.arpachshad.shelah.eber.peleg.reu.serug.nahor.terah.abram.isaac.jacob.levi.jochebed,
adam.seth.enosh.kenan.mahalalel.jared.enoch.methuselah.lamech.noah.shem.arpachshad.shelah.eber.peleg.reu.serug.nahor.terah.abram.isaac.jacob.levi.kohath,
adam.seth.enosh.kenan.mahalalel.jared.enoch.methuselah.lamech.noah.shem.arpachshad.shelah.eber.peleg.reu.serug.nahor.terah.abram.isaac.jacob.levi.kohath.amram,
adam.seth.enosh.kenan.mahalalel.jared.enoch.methuselah.lamech.noah.shem.arpachshad.shelah.eber.peleg.reu.serug.nahor.terah.abram.isaac.jacob.levi.kohath.amram.aaron,
adam.seth.enosh.kenan.mahalalel.jared.enoch.methuselah.lamech.noah.shem.arpachshad.shelah.eber.peleg.reu.serug.nahor.terah.abram.isaac.jacob.levi.kohath.amram.aaron.nadab,
adam.seth.enosh.kenan.mahalalel.jared.enoch.methuselah.lamech.noah.shem.arpachshad.shelah.eber.peleg.reu.serug.nahor.terah.abram.isaac.jacob.levi.kohath.amram.aaron.abihu,
adam.seth.enosh.kenan.mahalalel.jared.enoch.methuselah.lamech.noah.shem.arpachshad.shelah.eber.peleg.reu.serug.nahor.terah.abram.isaac.jacob.levi.kohath.amram.aaron.eleazar,
adam.seth.enosh.kenan.mahalalel.jared.enoch.methuselah.lamech.noah.shem.arpachshad.shelah.eber.peleg.reu.serug.nahor.terah.abram.isaac.jacob.levi.kohath.amram.aaron.eleazar.phinehas,
adam.seth.enosh.kenan.mahalalel.jared.enoch.methuselah.lamech.noah.shem.arpachshad.shelah.eber.peleg.reu.serug.nahor.terah.abram.isaac.jacob.levi.kohath.amram.aaron.eleazar.phinehas.abishua,
adam.seth.enosh.kenan.mahalalel.jared.enoch.methuselah.lamech.noah.shem.arpachshad.shelah.eber.peleg.reu.serug.nahor.terah.abram.isaac.jacob.levi.kohath.amram.aaron.eleazar.phinehas.abishua.bukki,
adam.seth.enosh.kenan.mahalalel.jared.enoch.methuselah.lamech.noah.shem.arpachshad.shelah.eber.peleg.reu.serug.nahor.terah.abram.isaac.jacob.levi.kohath.amram.aaron.eleazar.phinehas.abishua.bukki.uzzi,
adam.seth.enosh.kenan.mahalalel.jared.enoch.methuselah.lamech.noah.shem.arpachshad.shelah.eber.peleg.reu.serug.nahor.terah.abram.isaac.jacob.levi.kohath.amram.aaron.eleazar.phinehas.abishua.bukki.uzzi.zerahiah,
adam.seth.enosh.kenan.mahalalel.jared.enoch.methuselah.lamech.noah.shem.arpachshad.shelah.eber.peleg.reu.serug.nahor.terah.abram.isaac.jacob.levi.kohath.amram.aaron.eleazar.phinehas.abishua.bukki.uzzi.zerahiah.meraioth,
adam.seth.enosh.kenan.mahalalel.jared.enoch.methuselah.lamech.noah.shem.arpachshad.shelah.eber.peleg.reu.serug.nahor.terah.abram.isaac.jacob.levi.kohath.amram.aaron.eleazar.phinehas.abishua.bukki.uzzi.zerahiah.meraioth.amariah,
adam.seth.enosh.kenan.mahalalel.jared.enoch.methuselah.lamech.noah.shem.arpachshad.shelah.eber.peleg.reu.serug.nahor.terah.abram.isaac.jacob.levi.kohath.amram.aaron.eleazar.phinehas.abishua.bukki.uzzi.zerahiah.meraioth.amariah.ahitub,
adam.seth.enosh.kenan.mahalalel.jared.enoch.methuselah.lamech.noah.shem.arpachshad.shelah.eber.peleg.reu.serug.nahor.terah.abram.isaac.jacob.levi.kohath.amram.aaron.eleazar.phinehas.abishua.bukki.uzzi.zerahiah.meraioth.amariah.ahitub.zadok,
adam.seth.enosh.kenan.mahalalel.jared.enoch.methuselah.lamech.noah.shem.arpachshad.shelah.eber.peleg.reu.serug.nahor.terah.abram.isaac.jacob.levi.kohath.amram.aaron.eleazar.phinehas.abishua.bukki.uzzi.zerahiah.meraioth.amariah.ahitub.zadok.ahimaaz,
adam.seth.enosh.kenan.mahalalel.jared.enoch.methuselah.lamech.noah.shem.arpachshad.shelah.eber.peleg.reu.serug.nahor.terah.abram.isaac.jacob.levi.kohath.amram.aaron.eleazar.phinehas.abishua.bukki.uzzi.zerahiah.meraioth.amariah.ahitub.zadok.ahimaaz.azariah,
adam.seth.enosh.kenan.mahalalel.jared.enoch.methuselah.lamech.noah.shem.arpachshad.shelah.eber.peleg.reu.serug.nahor.terah.abram.isaac.jacob.levi.kohath.amram.aaron.eleazar.phinehas.abishua.bukki.uzzi.zerahiah.meraioth.amariah.ahitub.zadok.ahimaaz.azariah.johanan,
adam.seth.enosh.kenan.mahalalel.jared.enoch.methuselah.lamech.noah.shem.arpachshad.shelah.eber.peleg.reu.serug.nahor.terah.abram.isaac.jacob.levi.kohath.amram.aaron.eleazar.phinehas.abishua.bukki.uzzi.zerahiah.meraioth.amariah.ahitub.zadok.ahimaaz.azariah.johanan.azariah,
adam.seth.enosh.kenan.mahalalel.jared.enoch.methuselah.lamech.noah.shem.arpachshad.shelah.eber.peleg.reu.serug.nahor.terah.abram.isaac.jacob.levi.kohath.amram.aaron.eleazar.phinehas.abishua.bukki.uzzi.zerahiah.meraioth.amariah.ahitub.zadok.ahimaaz.azariah.johanan.azariah.amariah,
adam.seth.enosh.kenan.mahalalel.jared.enoch.methuselah.lamech.noah.shem.arpachshad.shelah.eber.peleg.reu.serug.nahor.terah.abram.isaac.jacob.levi.kohath.amram.aaron.eleazar.phinehas.abishua.bukki.uzzi.zerahiah.meraioth.amariah.ahitub.zadok.ahimaaz.azariah.johanan.azariah.amariah.ahitub,
adam.seth.enosh.kenan.mahalalel.jared.enoch.methuselah.lamech.noah.shem.arpachshad.shelah.eber.peleg.reu.serug.nahor.terah.abram.isaac.jacob.levi.kohath.amram.aaron.eleazar.phinehas.abishua.bukki.uzzi.zerahiah.meraioth.amariah.ahitub.zadok.ahimaaz.azariah.johanan.azariah.amariah.ahitub.zadok,
adam.seth.enosh.kenan.mahalalel.jared.enoch.methuselah.lamech.noah.shem.arpachshad.shelah.eber.peleg.reu.serug.nahor.terah.abram.isaac.jacob.levi.kohath.amram.aaron.eleazar.phinehas.abishua.bukki.uzzi.zerahiah.meraioth.amariah.ahitub.zadok.ahimaaz.azariah.johanan.azariah.amariah.ahitub.zadok.shallum,
adam.seth.enosh.kenan.mahalalel.jared.enoch.methuselah.lamech.noah.shem.arpachshad.shelah.eber.peleg.reu.serug.nahor.terah.abram.isaac.jacob.levi.kohath.amram.aaron.eleazar.phinehas.abishua.bukki.uzzi.zerahiah.meraioth.amariah.ahitub.zadok.ahimaaz.azariah.johanan.azariah.amariah.ahitub.zadok.shallum.hilkiah,
adam.seth.enosh.kenan.mahalalel.jared.enoch.methuselah.lamech.noah.shem.arpachshad.shelah.eber.peleg.reu.serug.nahor.terah.abram.isaac.jacob.levi.kohath.amram.aaron.eleazar.phinehas.abishua.bukki.uzzi.zerahiah.meraioth.amariah.ahitub.zadok.ahimaaz.azariah.johanan.azariah.amariah.ahitub.zadok.shallum.hilkiah.azariah,
adam.seth.enosh.kenan.mahalalel.jared.enoch.methuselah.lamech.noah.shem.arpachshad.shelah.eber.peleg.reu.serug.nahor.terah.abram.isaac.jacob.levi.kohath.amram.aaron.eleazar.phinehas.abishua.bukki.uzzi.zerahiah.meraioth.amariah.ahitub.zadok.ahimaaz.azariah.johanan.azariah.amariah.ahitub.zadok.shallum.hilkiah.azariah.seraiah,
adam.seth.enosh.kenan.mahalalel.jared.enoch.methuselah.lamech.noah.shem.arpachshad.shelah.eber.peleg.reu.serug.nahor.terah.abram.isaac.jacob.levi.kohath.amram.aaron.eleazar.phinehas.abishua.bukki.uzzi.zerahiah.meraioth.amariah.ahitub.zadok.ahimaaz.azariah.johanan.azariah.amariah.ahitub.zadok.shallum.hilkiah.azariah.seraiah.jehozadak,
adam.seth.enosh.kenan.mahalalel.jared.enoch.methuselah.lamech.noah.shem.arpachshad.shelah.eber.peleg.reu.serug.nahor.terah.abram.isaac.jacob.levi.kohath.amram.aaron.eleazar.phinehas.abishua.bukki.uzzi.zerahiah.meraioth.amariah.ahitub.zadok.ahimaaz.azariah.johanan.azariah.amariah.ahitub.zadok.shallum.hilkiah.azariah.seraiah.jehozadak.joshua,
adam.seth.enosh.kenan.mahalalel.jared.enoch.methuselah.lamech.noah.shem.arpachshad.shelah.eber.peleg.reu.serug.nahor.terah.abram.isaac.jacob.levi.kohath.amram.aaron.eleazar.phinehas.abishua.bukki.uzzi.zerahiah.meraioth.amariah.ahitub.zadok.ahimaaz.azariah.johanan.azariah.amariah.ahitub.zadok.shallum.hilkiah.azariah.seraiah.ezra,
adam.seth.enosh.kenan.mahalalel.jared.enoch.methuselah.lamech.noah.shem.arpachshad.shelah.eber.peleg.reu.serug.nahor.terah.abram.isaac.jacob.levi.kohath.amram.aaron.ithamar,
adam.seth.enosh.kenan.mahalalel.jared.enoch.methuselah.lamech.noah.shem.arpachshad.shelah.eber.peleg.reu.serug.nahor.terah.abram.isaac.jacob.levi.kohath.amram.miriam,
adam.seth.enosh.kenan.mahalalel.jared.enoch.methuselah.lamech.noah.shem.arpachshad.shelah.eber.peleg.reu.serug.nahor.terah.abram.isaac.jacob.levi.kohath.amram.moses,
adam.seth.enosh.kenan.mahalalel.jared.enoch.methuselah.lamech.noah.shem.arpachshad.shelah.eber.peleg.reu.serug.nahor.terah.abram.isaac.jacob.levi.kohath.amram.moses.gershom,
adam.seth.enosh.kenan.mahalalel.jared.enoch.methuselah.lamech.noah.shem.arpachshad.shelah.eber.peleg.reu.serug.nahor.terah.abram.isaac.jacob.levi.kohath.amram.moses.gershom.shebuel,
adam.seth.enosh.kenan.mahalalel.jared.enoch.methuselah.lamech.noah.shem.arpachshad.shelah.eber.peleg.reu.serug.nahor.terah.abram.isaac.jacob.levi.kohath.amram.moses.eliezer,
adam.seth.enosh.kenan.mahalalel.jared.enoch.methuselah.lamech.noah.shem.arpachshad.shelah.eber.peleg.reu.serug.nahor.terah.abram.isaac.jacob.levi.kohath.amram.moses.eliezer.rehabiah,
adam.seth.enosh.kenan.mahalalel.jared.enoch.methuselah.lamech.noah.shem.arpachshad.shelah.eber.peleg.reu.serug.nahor.terah.abram.isaac.jacob.levi.kohath.amram.moses.eliezer.rehabiah.jeshaiah,
adam.seth.enosh.kenan.mahalalel.jared.enoch.methuselah.lamech.noah.shem.arpachshad.shelah.eber.peleg.reu.serug.nahor.terah.abram.isaac.jacob.levi.kohath.amram.moses.eliezer.rehabiah.jeshaiah.joram,
adam.seth.enosh.kenan.mahalalel.jared.enoch.methuselah.lamech.noah.shem.arpachshad.shelah.eber.peleg.reu.serug.nahor.terah.abram.isaac.jacob.levi.kohath.amram.moses.eliezer.rehabiah.jeshaiah.joram.zichri,
adam.seth.enosh.kenan.mahalalel.jared.enoch.methuselah.lamech.noah.shem.arpachshad.shelah.eber.peleg.reu.serug.nahor.terah.abram.isaac.jacob.levi.kohath.amram.moses.eliezer.rehabiah.jeshaiah.joram.zichri.shelomoth,
adam.seth.enosh.kenan.mahalalel.jared.enoch.methuselah.lamech.noah.shem.arpachshad.shelah.eber.peleg.reu.serug.nahor.terah.abram.isaac.jacob.levi.kohath.izhar,
adam.seth.enosh.kenan.mahalalel.jared.enoch.methuselah.lamech.noah.shem.arpachshad.shelah.eber.peleg.reu.serug.nahor.terah.abram.isaac.jacob.levi.kohath.izhar.korah,
adam.seth.enosh.kenan.mahalalel.jared.enoch.methuselah.lamech.noah.shem.arpachshad.shelah.eber.peleg.reu.serug.nahor.terah.abram.isaac.jacob.levi.kohath.izhar.korah.assir,
adam.seth.enosh.kenan.mahalalel.jared.enoch.methuselah.lamech.noah.shem.arpachshad.shelah.eber.peleg.reu.serug.nahor.terah.abram.isaac.jacob.levi.kohath.izhar.korah.assir.elkanah,
adam.seth.enosh.kenan.mahalalel.jared.enoch.methuselah.lamech.noah.shem.arpachshad.shelah.eber.peleg.reu.serug.nahor.terah.abram.isaac.jacob.levi.kohath.izhar.korah.assir.elkanah.abiasaph,
adam.seth.enosh.kenan.mahalalel.jared.enoch.methuselah.lamech.noah.shem.arpachshad.shelah.eber.peleg.reu.serug.nahor.terah.abram.isaac.jacob.levi.kohath.izhar.korah.assir.elkanah.abiasaph.assir,
adam.seth.enosh.kenan.mahalalel.jared.enoch.methuselah.lamech.noah.shem.arpachshad.shelah.eber.peleg.reu.serug.nahor.terah.abram.isaac.jacob.levi.kohath.izhar.korah.assir.elkanah.abiasaph.assir.tahath,
adam.seth.enosh.kenan.mahalalel.jared.enoch.methuselah.lamech.noah.shem.arpachshad.shelah.eber.peleg.reu.serug.nahor.terah.abram.isaac.jacob.levi.kohath.izhar.korah.assir.elkanah.abiasaph.assir.tahath.zephaniah,
adam.seth.enosh.kenan.mahalalel.jared.enoch.methuselah.lamech.noah.shem.arpachshad.shelah.eber.peleg.reu.serug.nahor.terah.abram.isaac.jacob.levi.kohath.izhar.korah.assir.elkanah.abiasaph.assir.tahath.zephaniah.azariah,
adam.seth.enosh.kenan.mahalalel.jared.enoch.methuselah.lamech.noah.shem.arpachshad.shelah.eber.peleg.reu.serug.nahor.terah.abram.isaac.jacob.levi.kohath.izhar.korah.assir.elkanah.abiasaph.assir.tahath.zephaniah.azariah.joel,
adam.seth.enosh.kenan.mahalalel.jared.enoch.methuselah.lamech.noah.shem.arpachshad.shelah.eber.peleg.reu.serug.nahor.terah.abram.isaac.jacob.levi.kohath.izhar.korah.assir.elkanah.abiasaph.assir.tahath.zephaniah.azariah.joel.elkanah,
adam.seth.enosh.kenan.mahalalel.jared.enoch.methuselah.lamech.noah.shem.arpachshad.shelah.eber.peleg.reu.serug.nahor.terah.abram.isaac.jacob.levi.kohath.izhar.korah.assir.elkanah.abiasaph.assir.tahath.zephaniah.azariah.joel.elkanah.amasai,
adam.seth.enosh.kenan.mahalalel.jared.enoch.methuselah.lamech.noah.shem.arpachshad.shelah.eber.peleg.reu.serug.nahor.terah.abram.isaac.jacob.levi.kohath.izhar.korah.assir.elkanah.abiasaph.assir.tahath.zephaniah.azariah.joel.elkanah.amasai.mahath,
adam.seth.enosh.kenan.mahalalel.jared.enoch.methuselah.lamech.noah.shem.arpachshad.shelah.eber.peleg.reu.serug.nahor.terah.abram.isaac.jacob.levi.kohath.izhar.korah.assir.elkanah.abiasaph.assir.tahath.zephaniah.azariah.joel.elkanah.amasai.mahath.elkanah,
adam.seth.enosh.kenan.mahalalel.jared.enoch.methuselah.lamech.noah.shem.arpachshad.shelah.eber.peleg.reu.serug.nahor.terah.abram.isaac.jacob.levi.kohath.izhar.korah.assir.elkanah.abiasaph.assir.tahath.zephaniah.azariah.joel.elkanah.amasai.mahath.elkanah.zuph,
adam.seth.enosh.kenan.mahalalel.jared.enoch.methuselah.lamech.noah.shem.arpachshad.shelah.eber.peleg.reu.serug.nahor.terah.abram.isaac.jacob.levi.kohath.izhar.korah.assir.elkanah.abiasaph.assir.tahath.zephaniah.azariah.joel.elkanah.amasai.mahath.elkanah.zuph.toah,
adam.seth.enosh.kenan.mahalalel.jared.enoch.methuselah.lamech.noah.shem.arpachshad.shelah.eber.peleg.reu.serug.nahor.terah.abram.isaac.jacob.levi.kohath.izhar.korah.assir.elkanah.abiasaph.assir.tahath.zephaniah.azariah.joel.elkanah.amasai.mahath.elkanah.zuph.toah.eliel,
adam.seth.enosh.kenan.mahalalel.jared.enoch.methuselah.lamech.noah.shem.arpachshad.shelah.eber.peleg.reu.serug.nahor.terah.abram.isaac.jacob.levi.kohath.izhar.korah.assir.elkanah.abiasaph.assir.tahath.zephaniah.azariah.joel.elkanah.amasai.mahath.elkanah.zuph.toah.eliel.jeroham,
adam.seth.enosh.kenan.mahalalel.jared.enoch.methuselah.lamech.noah.shem.arpachshad.shelah.eber.peleg.reu.serug.nahor.terah.abram.isaac.jacob.levi.kohath.izhar.korah.assir.elkanah.abiasaph.assir.tahath.zephaniah.azariah.joel.elkanah.amasai.mahath.elkanah.zuph.toah.eliel.jeroham.elkanah,
adam.seth.enosh.kenan.mahalalel.jared.enoch.methuselah.lamech.noah.shem.arpachshad.shelah.eber.peleg.reu.serug.nahor.terah.abram.isaac.jacob.levi.kohath.izhar.korah.assir.elkanah.abiasaph.assir.tahath.zephaniah.azariah.joel.elkanah.amasai.mahath.elkanah.zuph.toah.eliel.jeroham.elkanah.samuel,
adam.seth.enosh.kenan.mahalalel.jared.enoch.methuselah.lamech.noah.shem.arpachshad.shelah.eber.peleg.reu.serug.nahor.terah.abram.isaac.jacob.levi.kohath.izhar.korah.assir.elkanah.abiasaph.assir.tahath.zephaniah.azariah.joel.elkanah.amasai.mahath.elkanah.zuph.toah.eliel.jeroham.elkanah.samuel.joel,
adam.seth.enosh.kenan.mahalalel.jared.enoch.methuselah.lamech.noah.shem.arpachshad.shelah.eber.peleg.reu.serug.nahor.terah.abram.isaac.jacob.levi.kohath.izhar.korah.assir.elkanah.abiasaph.assir.tahath.zephaniah.azariah.joel.elkanah.amasai.mahath.elkanah.zuph.toah.eliel.jeroham.elkanah.samuel.joel.heman,
adam.seth.enosh.kenan.mahalalel.jared.enoch.methuselah.lamech.noah.shem.arpachshad.shelah.eber.peleg.reu.serug.nahor.terah.abram.isaac.jacob.levi.kohath.izhar.korah.assir.elkanah.abiasaph.assir.tahath.zephaniah.azariah.joel.elkanah.amasai.mahath.elkanah.zophai,
adam.seth.enosh.kenan.mahalalel.jared.enoch.methuselah.lamech.noah.shem.arpachshad.shelah.eber.peleg.reu.serug.nahor.terah.abram.isaac.jacob.levi.kohath.izhar.korah.assir.elkanah.abiasaph.assir.tahath.zephaniah.azariah.joel.elkanah.amasai.mahath.elkanah.zophai.nahath,
adam.seth.enosh.kenan.mahalalel.jared.enoch.methuselah.lamech.noah.shem.arpachshad.shelah.eber.peleg.reu.serug.nahor.terah.abram.isaac.jacob.levi.kohath.izhar.korah.assir.elkanah.abiasaph.assir.tahath.zephaniah.azariah.joel.elkanah.amasai.mahath.elkanah.zophai.nahath.eliab,
adam.seth.enosh.kenan.mahalalel.jared.enoch.methuselah.lamech.noah.shem.arpachshad.shelah.eber.peleg.reu.serug.nahor.terah.abram.isaac.jacob.levi.kohath.izhar.korah.assir.elkanah.abiasaph.assir.tahath.zephaniah.azariah.joel.elkanah.amasai.mahath.elkanah.zophai.nahath.eliab.jeroham,
adam.seth.enosh.kenan.mahalalel.jared.enoch.methuselah.lamech.noah.shem.arpachshad.shelah.eber.peleg.reu.serug.nahor.terah.abram.isaac.jacob.levi.kohath.izhar.korah.assir.elkanah.abiasaph.assir.tahath.zephaniah.azariah.joel.elkanah.amasai.mahath.elkanah.zophai.nahath.eliab.jeroham.elkanah,
adam.seth.enosh.kenan.mahalalel.jared.enoch.methuselah.lamech.noah.shem.arpachshad.shelah.eber.peleg.reu.serug.nahor.terah.abram.isaac.jacob.levi.kohath.izhar.korah.assir.elkanah.abiasaph.assir.tahath.zephaniah.azariah.joel.elkanah.ahimoth,
adam.seth.enosh.kenan.mahalalel.jared.enoch.methuselah.lamech.noah.shem.arpachshad.shelah.eber.peleg.reu.serug.nahor.terah.abram.isaac.jacob.levi.kohath.izhar.korah.assir.elkanah.abiasaph.assir.tahath.uriel,
adam.seth.enosh.kenan.mahalalel.jared.enoch.methuselah.lamech.noah.shem.arpachshad.shelah.eber.peleg.reu.serug.nahor.terah.abram.isaac.jacob.levi.kohath.izhar.korah.assir.elkanah.abiasaph.assir.tahath.uriel.uzziah,
adam.seth.enosh.kenan.mahalalel.jared.enoch.methuselah.lamech.noah.shem.arpachshad.shelah.eber.peleg.reu.serug.nahor.terah.abram.isaac.jacob.levi.kohath.izhar.korah.assir.elkanah.abiasaph.assir.tahath.uriel.uzziah.shaul,
adam.seth.enosh.kenan.mahalalel.jared.enoch.methuselah.lamech.noah.shem.arpachshad.shelah.eber.peleg.reu.serug.nahor.terah.abram.isaac.jacob.levi.kohath.izhar.korah.elkanah,
adam.seth.enosh.kenan.mahalalel.jared.enoch.methuselah.lamech.noah.shem.arpachshad.shelah.eber.peleg.reu.serug.nahor.terah.abram.isaac.jacob.levi.kohath.izhar.korah.abiasaph,
adam.seth.enosh.kenan.mahalalel.jared.enoch.methuselah.lamech.noah.shem.arpachshad.shelah.eber.peleg.reu.serug.nahor.terah.abram.isaac.jacob.levi.kohath.izhar.nepheg,
adam.seth.enosh.kenan.mahalalel.jared.enoch.methuselah.lamech.noah.shem.arpachshad.shelah.eber.peleg.reu.serug.nahor.terah.abram.isaac.jacob.levi.kohath.izhar.zichri,
adam.seth.enosh.kenan.mahalalel.jared.enoch.methuselah.lamech.noah.shem.arpachshad.shelah.eber.peleg.reu.serug.nahor.terah.abram.isaac.jacob.levi.kohath.hebron,
adam.seth.enosh.kenan.mahalalel.jared.enoch.methuselah.lamech.noah.shem.arpachshad.shelah.eber.peleg.reu.serug.nahor.terah.abram.isaac.jacob.levi.kohath.uzziel,
adam.seth.enosh.kenan.mahalalel.jared.enoch.methuselah.lamech.noah.shem.arpachshad.shelah.eber.peleg.reu.serug.nahor.terah.abram.isaac.jacob.levi.merari,
adam.seth.enosh.kenan.mahalalel.jared.enoch.methuselah.lamech.noah.shem.arpachshad.shelah.eber.peleg.reu.serug.nahor.terah.abram.isaac.jacob.judah,
adam.seth.enosh.kenan.mahalalel.jared.enoch.methuselah.lamech.noah.shem.arpachshad.shelah.eber.peleg.reu.serug.nahor.terah.abram.isaac.jacob.judah.er,
adam.seth.enosh.kenan.mahalalel.jared.enoch.methuselah.lamech.noah.shem.arpachshad.shelah.eber.peleg.reu.serug.nahor.terah.abram.isaac.jacob.judah.onan,
adam.seth.enosh.kenan.mahalalel.jared.enoch.methuselah.lamech.noah.shem.arpachshad.shelah.eber.peleg.reu.serug.nahor.terah.abram.isaac.jacob.judah.shelah,
adam.seth.enosh.kenan.mahalalel.jared.enoch.methuselah.lamech.noah.shem.arpachshad.shelah.eber.peleg.reu.serug.nahor.terah.abram.isaac.jacob.judah.shelah.er,
adam.seth.enosh.kenan.mahalalel.jared.enoch.methuselah.lamech.noah.shem.arpachshad.shelah.eber.peleg.reu.serug.nahor.terah.abram.isaac.jacob.judah.shelah.er.lachah,
adam.seth.enosh.kenan.mahalalel.jared.enoch.methuselah.lamech.noah.shem.arpachshad.shelah.eber.peleg.reu.serug.nahor.terah.abram.isaac.jacob.judah.shelah.laadah,
adam.seth.enosh.kenan.mahalalel.jared.enoch.methuselah.lamech.noah.shem.arpachshad.shelah.eber.peleg.reu.serug.nahor.terah.abram.isaac.jacob.judah.shelah.jokim,
adam.seth.enosh.kenan.mahalalel.jared.enoch.methuselah.lamech.noah.shem.arpachshad.shelah.eber.peleg.reu.serug.nahor.terah.abram.isaac.jacob.judah.shelah.cozeba,
adam.seth.enosh.kenan.mahalalel.jared.enoch.methuselah.lamech.noah.shem.arpachshad.shelah.eber.peleg.reu.serug.nahor.terah.abram.isaac.jacob.judah.shelah.jephunneh,
adam.seth.enosh.kenan.mahalalel.jared.enoch.methuselah.lamech.noah.shem.arpachshad.shelah.eber.peleg.reu.serug.nahor.terah.abram.isaac.jacob.judah.shelah.jephunneh.caleb,
adam.seth.enosh.kenan.mahalalel.jared.enoch.methuselah.lamech.noah.shem.arpachshad.shelah.eber.peleg.reu.serug.nahor.terah.abram.isaac.jacob.judah.shelah.jephunneh.kenaz,
adam.seth.enosh.kenan.mahalalel.jared.enoch.methuselah.lamech.noah.shem.arpachshad.shelah.eber.peleg.reu.serug.nahor.terah.abram.isaac.jacob.judah.shelah.jephunneh.kenaz.othniel,
adam.seth.enosh.kenan.mahalalel.jared.enoch.methuselah.lamech.noah.shem.arpachshad.shelah.eber.peleg.reu.serug.nahor.terah.abram.isaac.jacob.judah.shelah.jephunneh.kenaz.seraiah,
adam.seth.enosh.kenan.mahalalel.jared.enoch.methuselah.lamech.noah.shem.arpachshad.shelah.eber.peleg.reu.serug.nahor.terah.abram.isaac.jacob.judah.shelah.joash,
adam.seth.enosh.kenan.mahalalel.jared.enoch.methuselah.lamech.noah.shem.arpachshad.shelah.eber.peleg.reu.serug.nahor.terah.abram.isaac.jacob.judah.shelah.saraph,
adam.seth.enosh.kenan.mahalalel.jared.enoch.methuselah.lamech.noah.shem.arpachshad.shelah.eber.peleg.reu.serug.nahor.terah.abram.isaac.jacob.judah.shelah.jashubi-lehem,
adam.seth.enosh.kenan.mahalalel.jared.enoch.methuselah.lamech.noah.shem.arpachshad.shelah.eber.peleg.reu.serug.nahor.terah.abram.isaac.jacob.judah.perez,
adam.seth.enosh.kenan.mahalalel.jared.enoch.methuselah.lamech.noah.shem.arpachshad.shelah.eber.peleg.reu.serug.nahor.terah.abram.isaac.jacob.judah.perez.hezron,
adam.seth.enosh.kenan.mahalalel.jared.enoch.methuselah.lamech.noah.shem.arpachshad.shelah.eber.peleg.reu.serug.nahor.terah.abram.isaac.jacob.judah.perez.hezron.jerahmeel,
adam.seth.enosh.kenan.mahalalel.jared.enoch.methuselah.lamech.noah.shem.arpachshad.shelah.eber.peleg.reu.serug.nahor.terah.abram.isaac.jacob.judah.perez.hezron.ram,
adam.seth.enosh.kenan.mahalalel.jared.enoch.methuselah.lamech.noah.shem.arpachshad.shelah.eber.peleg.reu.serug.nahor.terah.abram.isaac.jacob.judah.perez.hezron.ram.amminadab,
adam.seth.enosh.kenan.mahalalel.jared.enoch.methuselah.lamech.noah.shem.arpachshad.shelah.eber.peleg.reu.serug.nahor.terah.abram.isaac.jacob.judah.perez.hezron.ram.amminadab.nahshon,
adam.seth.enosh.kenan.mahalalel.jared.enoch.methuselah.lamech.noah.shem.arpachshad.shelah.eber.peleg.reu.serug.nahor.terah.abram.isaac.jacob.judah.perez.hezron.ram.amminadab.nahshon.salma,
adam.seth.enosh.kenan.mahalalel.jared.enoch.methuselah.lamech.noah.shem.arpachshad.shelah.eber.peleg.reu.serug.nahor.terah.abram.isaac.jacob.judah.perez.hezron.ram.amminadab.nahshon.salma.boaz,
adam.seth.enosh.kenan.mahalalel.jared.enoch.methuselah.lamech.noah.shem.arpachshad.shelah.eber.peleg.reu.serug.nahor.terah.abram.isaac.jacob.judah.perez.hezron.ram.amminadab.nahshon.salma.boaz.obed,
adam.seth.enosh.kenan.mahalalel.jared.enoch.methuselah.lamech.noah.shem.arpachshad.shelah.eber.peleg.reu.serug.nahor.terah.abram.isaac.jacob.judah.perez.hezron.ram.amminadab.nahshon.salma.boaz.obed.jesse,
adam.seth.enosh.kenan.mahalalel.jared.enoch.methuselah.lamech.noah.shem.arpachshad.shelah.eber.peleg.reu.serug.nahor.terah.abram.isaac.jacob.judah.perez.hezron.ram.amminadab.nahshon.salma.boaz.obed.jesse.eliab,
adam.seth.enosh.kenan.mahalalel.jared.enoch.methuselah.lamech.noah.shem.arpachshad.shelah.eber.peleg.reu.serug.nahor.terah.abram.isaac.jacob.judah.perez.hezron.ram.amminadab.nahshon.salma.boaz.obed.jesse.abinadab,
adam.seth.enosh.kenan.mahalalel.jared.enoch.methuselah.lamech.noah.shem.arpachshad.shelah.eber.peleg.reu.serug.nahor.terah.abram.isaac.jacob.judah.perez.hezron.ram.amminadab.nahshon.salma.boaz.obed.jesse.shimea,
adam.seth.enosh.kenan.mahalalel.jared.enoch.methuselah.lamech.noah.shem.arpachshad.shelah.eber.peleg.reu.serug.nahor.terah.abram.isaac.jacob.judah.perez.hezron.ram.amminadab.nahshon.salma.boaz.obed.jesse.nethaneal,
adam.seth.enosh.kenan.mahalalel.jared.enoch.methuselah.lamech.noah.shem.arpachshad.shelah.eber.peleg.reu.serug.nahor.terah.abram.isaac.jacob.judah.perez.hezron.ram.amminadab.nahshon.salma.boaz.obed.jesse.raddai,
adam.seth.enosh.kenan.mahalalel.jared.enoch.methuselah.lamech.noah.shem.arpachshad.shelah.eber.peleg.reu.serug.nahor.terah.abram.isaac.jacob.judah.perez.hezron.ram.amminadab.nahshon.salma.boaz.obed.jesse.ozem,
adam.seth.enosh.kenan.mahalalel.jared.enoch.methuselah.lamech.noah.shem.arpachshad.shelah.eber.peleg.reu.serug.nahor.terah.abram.isaac.jacob.judah.perez.hezron.ram.amminadab.nahshon.salma.boaz.obed.jesse.david,
adam.seth.enosh.kenan.mahalalel.jared.enoch.methuselah.lamech.noah.shem.arpachshad.shelah.eber.peleg.reu.serug.nahor.terah.abram.isaac.jacob.judah.perez.hezron.ram.amminadab.nahshon.salma.boaz.obed.jesse.david.ammon,
adam.seth.enosh.kenan.mahalalel.jared.enoch.methuselah.lamech.noah.shem.arpachshad.shelah.eber.peleg.reu.serug.nahor.terah.abram.isaac.jacob.judah.perez.hezron.ram.amminadab.nahshon.salma.boaz.obed.jesse.david.daniel,
adam.seth.enosh.kenan.mahalalel.jared.enoch.methuselah.lamech.noah.shem.arpachshad.shelah.eber.peleg.reu.serug.nahor.terah.abram.isaac.jacob.judah.perez.hezron.ram.amminadab.nahshon.salma.boaz.obed.jesse.david.absolom,
adam.seth.enosh.kenan.mahalalel.jared.enoch.methuselah.lamech.noah.shem.arpachshad.shelah.eber.peleg.reu.serug.nahor.terah.abram.isaac.jacob.judah.perez.hezron.ram.amminadab.nahshon.salma.boaz.obed.jesse.david.adinijah,
adam.seth.enosh.kenan.mahalalel.jared.enoch.methuselah.lamech.noah.shem.arpachshad.shelah.eber.peleg.reu.serug.nahor.terah.abram.isaac.jacob.judah.perez.hezron.ram.amminadab.nahshon.salma.boaz.obed.jesse.david.shephatiah,
adam.seth.enosh.kenan.mahalalel.jared.enoch.methuselah.lamech.noah.shem.arpachshad.shelah.eber.peleg.reu.serug.nahor.terah.abram.isaac.jacob.judah.perez.hezron.ram.amminadab.nahshon.salma.boaz.obed.jesse.david.ithream,
adam.seth.enosh.kenan.mahalalel.jared.enoch.methuselah.lamech.noah.shem.arpachshad.shelah.eber.peleg.reu.serug.nahor.terah.abram.isaac.jacob.judah.perez.hezron.ram.amminadab.nahshon.salma.boaz.obed.jesse.david.shimea,
adam.seth.enosh.kenan.mahalalel.jared.enoch.methuselah.lamech.noah.shem.arpachshad.shelah.eber.peleg.reu.serug.nahor.terah.abram.isaac.jacob.judah.perez.hezron.ram.amminadab.nahshon.salma.boaz.obed.jesse.david.shobab,
adam.seth.enosh.kenan.mahalalel.jared.enoch.methuselah.lamech.noah.shem.arpachshad.shelah.eber.peleg.reu.serug.nahor.terah.abram.isaac.jacob.judah.perez.hezron.ram.amminadab.nahshon.salma.boaz.obed.jesse.david.nathan,
adam.seth.enosh.kenan.mahalalel.jared.enoch.methuselah.lamech.noah.shem.arpachshad.shelah.eber.peleg.reu.serug.nahor.terah.abram.isaac.jacob.judah.perez.hezron.ram.amminadab.nahshon.salma.boaz.obed.jesse.david.nathan.mattatha,
adam.seth.enosh.kenan.mahalalel.jared.enoch.methuselah.lamech.noah.shem.arpachshad.shelah.eber.peleg.reu.serug.nahor.terah.abram.isaac.jacob.judah.perez.hezron.ram.amminadab.nahshon.salma.boaz.obed.jesse.david.nathan.mattatha.menna,
adam.seth.enosh.kenan.mahalalel.jared.enoch.methuselah.lamech.noah.shem.arpachshad.shelah.eber.peleg.reu.serug.nahor.terah.abram.isaac.jacob.judah.perez.hezron.ram.amminadab.nahshon.salma.boaz.obed.jesse.david.nathan.mattatha.menna.melea,
adam.seth.enosh.kenan.mahalalel.jared.enoch.methuselah.lamech.noah.shem.arpachshad.shelah.eber.peleg.reu.serug.nahor.terah.abram.isaac.jacob.judah.perez.hezron.ram.amminadab.nahshon.salma.boaz.obed.jesse.david.nathan.mattatha.menna.melea.eliakim,
adam.seth.enosh.kenan.mahalalel.jared.enoch.methuselah.lamech.noah.shem.arpachshad.shelah.eber.peleg.reu.serug.nahor.terah.abram.isaac.jacob.judah.perez.hezron.ram.amminadab.nahshon.salma.boaz.obed.jesse.david.nathan.mattatha.menna.melea.eliakim.jonam,
adam.seth.enosh.kenan.mahalalel.jared.enoch.methuselah.lamech.noah.shem.arpachshad.shelah.eber.peleg.reu.serug.nahor.terah.abram.isaac.jacob.judah.perez.hezron.ram.amminadab.nahshon.salma.boaz.obed.jesse.david.nathan.mattatha.menna.melea.eliakim.jonam.joseph,
adam.seth.enosh.kenan.mahalalel.jared.enoch.methuselah.lamech.noah.shem.arpachshad.shelah.eber.peleg.reu.serug.nahor.terah.abram.isaac.jacob.judah.perez.hezron.ram.amminadab.nahshon.salma.boaz.obed.jesse.david.nathan.mattatha.menna.melea.eliakim.jonam.joseph.judah,
adam.seth.enosh.kenan.mahalalel.jared.enoch.methuselah.lamech.noah.shem.arpachshad.shelah.eber.peleg.reu.serug.nahor.terah.abram.isaac.jacob.judah.perez.hezron.ram.amminadab.nahshon.salma.boaz.obed.jesse.david.nathan.mattatha.menna.melea.eliakim.jonam.joseph.judah.simeon,
adam.seth.enosh.kenan.mahalalel.jared.enoch.methuselah.lamech.noah.shem.arpachshad.shelah.eber.peleg.reu.serug.nahor.terah.abram.isaac.jacob.judah.perez.hezron.ram.amminadab.nahshon.salma.boaz.obed.jesse.david.nathan.mattatha.menna.melea.eliakim.jonam.joseph.judah.simeon.levi,
adam.seth.enosh.kenan.mahalalel.jared.enoch.methuselah.lamech.noah.shem.arpachshad.shelah.eber.peleg.reu.serug.nahor.terah.abram.isaac.jacob.judah.perez.hezron.ram.amminadab.nahshon.salma.boaz.obed.jesse.david.nathan.mattatha.menna.melea.eliakim.jonam.joseph.judah.simeon.levi.matthat,
adam.seth.enosh.kenan.mahalalel.jared.enoch.methuselah.lamech.noah.shem.arpachshad.shelah.eber.peleg.reu.serug.nahor.terah.abram.isaac.jacob.judah.perez.hezron.ram.amminadab.nahshon.salma.boaz.obed.jesse.david.nathan.mattatha.menna.melea.eliakim.jonam.joseph.judah.simeon.levi.matthat.jorim,
adam.seth.enosh.kenan.mahalalel.jared.enoch.methuselah.lamech.noah.shem.arpachshad.shelah.eber.peleg.reu.serug.nahor.terah.abram.isaac.jacob.judah.perez.hezron.ram.amminadab.nahshon.salma.boaz.obed.jesse.david.nathan.mattatha.menna.melea.eliakim.jonam.joseph.judah.simeon.levi.matthat.jorim.eliezer,
adam.seth.enosh.kenan.mahalalel.jared.enoch.methuselah.lamech.noah.shem.arpachshad.shelah.eber.peleg.reu.serug.nahor.terah.abram.isaac.jacob.judah.perez.hezron.ram.amminadab.nahshon.salma.boaz.obed.jesse.david.nathan.mattatha.menna.melea.eliakim.jonam.joseph.judah.simeon.levi.matthat.jorim.eliezer.joshua,
adam.seth.enosh.kenan.mahalalel.jared.enoch.methuselah.lamech.noah.shem.arpachshad.shelah.eber.peleg.reu.serug.nahor.terah.abram.isaac.jacob.judah.perez.hezron.ram.amminadab.nahshon.salma.boaz.obed.jesse.david.nathan.mattatha.menna.melea.eliakim.jonam.joseph.judah.simeon.levi.matthat.jorim.eliezer.joshua.er,
adam.seth.enosh.kenan.mahalalel.jared.enoch.methuselah.lamech.noah.shem.arpachshad.shelah.eber.peleg.reu.serug.nahor.terah.abram.isaac.jacob.judah.perez.hezron.ram.amminadab.nahshon.salma.boaz.obed.jesse.david.nathan.mattatha.menna.melea.eliakim.jonam.joseph.judah.simeon.levi.matthat.jorim.eliezer.joshua.er.elmadam,
adam.seth.enosh.kenan.mahalalel.jared.enoch.methuselah.lamech.noah.shem.arpachshad.shelah.eber.peleg.reu.serug.nahor.terah.abram.isaac.jacob.judah.perez.hezron.ram.amminadab.nahshon.salma.boaz.obed.jesse.david.nathan.mattatha.menna.melea.eliakim.jonam.joseph.judah.simeon.levi.matthat.jorim.eliezer.joshua.er.elmadam.cosam,
adam.seth.enosh.kenan.mahalalel.jared.enoch.methuselah.lamech.noah.shem.arpachshad.shelah.eber.peleg.reu.serug.nahor.terah.abram.isaac.jacob.judah.perez.hezron.ram.amminadab.nahshon.salma.boaz.obed.jesse.david.nathan.mattatha.menna.melea.eliakim.jonam.joseph.judah.simeon.levi.matthat.jorim.eliezer.joshua.er.elmadam.cosam.addi,
adam.seth.enosh.kenan.mahalalel.jared.enoch.methuselah.lamech.noah.shem.arpachshad.shelah.eber.peleg.reu.serug.nahor.terah.abram.isaac.jacob.judah.perez.hezron.ram.amminadab.nahshon.salma.boaz.obed.jesse.david.nathan.mattatha.menna.melea.eliakim.jonam.joseph.judah.simeon.levi.matthat.jorim.eliezer.joshua.er.elmadam.cosam.addi.melchi,
adam.seth.enosh.kenan.mahalalel.jared.enoch.methuselah.lamech.noah.shem.arpachshad.shelah.eber.peleg.reu.serug.nahor.terah.abram.isaac.jacob.judah.perez.hezron.ram.amminadab.nahshon.salma.boaz.obed.jesse.david.nathan.mattatha.menna.melea.eliakim.jonam.joseph.judah.simeon.levi.matthat.jorim.eliezer.joshua.er.elmadam.cosam.addi.melchi.neri,
adam.seth.enosh.kenan.mahalalel.jared.enoch.methuselah.lamech.noah.shem.arpachshad.shelah.eber.peleg.reu.serug.nahor.terah.abram.isaac.jacob.judah.perez.hezron.ram.amminadab.nahshon.salma.boaz.obed.jesse.david.nathan.mattatha.menna.melea.eliakim.jonam.joseph.judah.simeon.levi.matthat.jorim.eliezer.joshua.er.elmadam.cosam.addi.melchi.neri.shealtiel,
adam.seth.enosh.kenan.mahalalel.jared.enoch.methuselah.lamech.noah.shem.arpachshad.shelah.eber.peleg.reu.serug.nahor.terah.abram.isaac.jacob.judah.perez.hezron.ram.amminadab.nahshon.salma.boaz.obed.jesse.david.nathan.mattatha.menna.melea.eliakim.jonam.joseph.judah.simeon.levi.matthat.jorim.eliezer.joshua.er.elmadam.cosam.addi.melchi.neri.shealtiel.zerubbabel,
adam.seth.enosh.kenan.mahalalel.jared.enoch.methuselah.lamech.noah.shem.arpachshad.shelah.eber.peleg.reu.serug.nahor.terah.abram.isaac.jacob.judah.perez.hezron.ram.amminadab.nahshon.salma.boaz.obed.jesse.david.nathan.mattatha.menna.melea.eliakim.jonam.joseph.judah.simeon.levi.matthat.jorim.eliezer.joshua.er.elmadam.cosam.addi.melchi.neri.shealtiel.zerubbabel.rhesa,
adam.seth.enosh.kenan.mahalalel.jared.enoch.methuselah.lamech.noah.shem.arpachshad.shelah.eber.peleg.reu.serug.nahor.terah.abram.isaac.jacob.judah.perez.hezron.ram.amminadab.nahshon.salma.boaz.obed.jesse.david.nathan.mattatha.menna.melea.eliakim.jonam.joseph.judah.simeon.levi.matthat.jorim.eliezer.joshua.er.elmadam.cosam.addi.melchi.neri.shealtiel.zerubbabel.rhesa.joanan,
adam.seth.enosh.kenan.mahalalel.jared.enoch.methuselah.lamech.noah.shem.arpachshad.shelah.eber.peleg.reu.serug.nahor.terah.abram.isaac.jacob.judah.perez.hezron.ram.amminadab.nahshon.salma.boaz.obed.jesse.david.nathan.mattatha.menna.melea.eliakim.jonam.joseph.judah.simeon.levi.matthat.jorim.eliezer.joshua.er.elmadam.cosam.addi.melchi.neri.shealtiel.zerubbabel.rhesa.joanan.joda,
adam.seth.enosh.kenan.mahalalel.jared.enoch.methuselah.lamech.noah.shem.arpachshad.shelah.eber.peleg.reu.serug.nahor.terah.abram.isaac.jacob.judah.perez.hezron.ram.amminadab.nahshon.salma.boaz.obed.jesse.david.nathan.mattatha.menna.melea.eliakim.jonam.joseph.judah.simeon.levi.matthat.jorim.eliezer.joshua.er.elmadam.cosam.addi.melchi.neri.shealtiel.zerubbabel.rhesa.joanan.joda.josech,
adam.seth.enosh.kenan.mahalalel.jared.enoch.methuselah.lamech.noah.shem.arpachshad.shelah.eber.peleg.reu.serug.nahor.terah.abram.isaac.jacob.judah.perez.hezron.ram.amminadab.nahshon.salma.boaz.obed.jesse.david.nathan.mattatha.menna.melea.eliakim.jonam.joseph.judah.simeon.levi.matthat.jorim.eliezer.joshua.er.elmadam.cosam.addi.melchi.neri.shealtiel.zerubbabel.rhesa.joanan.joda.josech.semein,
adam.seth.enosh.kenan.mahalalel.jared.enoch.methuselah.lamech.noah.shem.arpachshad.shelah.eber.peleg.reu.serug.nahor.terah.abram.isaac.jacob.judah.perez.hezron.ram.amminadab.nahshon.salma.boaz.obed.jesse.david.nathan.mattatha.menna.melea.eliakim.jonam.joseph.judah.simeon.levi.matthat.jorim.eliezer.joshua.er.elmadam.cosam.addi.melchi.neri.shealtiel.zerubbabel.rhesa.joanan.joda.josech.semein.mattathias,
adam.seth.enosh.kenan.mahalalel.jared.enoch.methuselah.lamech.noah.shem.arpachshad.shelah.eber.peleg.reu.serug.nahor.terah.abram.isaac.jacob.judah.perez.hezron.ram.amminadab.nahshon.salma.boaz.obed.jesse.david.nathan.mattatha.menna.melea.eliakim.jonam.joseph.judah.simeon.levi.matthat.jorim.eliezer.joshua.er.elmadam.cosam.addi.melchi.neri.shealtiel.zerubbabel.rhesa.joanan.joda.josech.semein.mattathias.maath,
adam.seth.enosh.kenan.mahalalel.jared.enoch.methuselah.lamech.noah.shem.arpachshad.shelah.eber.peleg.reu.serug.nahor.terah.abram.isaac.jacob.judah.perez.hezron.ram.amminadab.nahshon.salma.boaz.obed.jesse.david.nathan.mattatha.menna.melea.eliakim.jonam.joseph.judah.simeon.levi.matthat.jorim.eliezer.joshua.er.elmadam.cosam.addi.melchi.neri.shealtiel.zerubbabel.rhesa.joanan.joda.josech.semein.mattathias.maath.naggai,
adam.seth.enosh.kenan.mahalalel.jared.enoch.methuselah.lamech.noah.shem.arpachshad.shelah.eber.peleg.reu.serug.nahor.terah.abram.isaac.jacob.judah.perez.hezron.ram.amminadab.nahshon.salma.boaz.obed.jesse.david.nathan.mattatha.menna.melea.eliakim.jonam.joseph.judah.simeon.levi.matthat.jorim.eliezer.joshua.er.elmadam.cosam.addi.melchi.neri.shealtiel.zerubbabel.rhesa.joanan.joda.josech.semein.mattathias.maath.naggai.hesli,
adam.seth.enosh.kenan.mahalalel.jared.enoch.methuselah.lamech.noah.shem.arpachshad.shelah.eber.peleg.reu.serug.nahor.terah.abram.isaac.jacob.judah.perez.hezron.ram.amminadab.nahshon.salma.boaz.obed.jesse.david.nathan.mattatha.menna.melea.eliakim.jonam.joseph.judah.simeon.levi.matthat.jorim.eliezer.joshua.er.elmadam.cosam.addi.melchi.neri.shealtiel.zerubbabel.rhesa.joanan.joda.josech.semein.mattathias.maath.naggai.hesli.nahum,
adam.seth.enosh.kenan.mahalalel.jared.enoch.methuselah.lamech.noah.shem.arpachshad.shelah.eber.peleg.reu.serug.nahor.terah.abram.isaac.jacob.judah.perez.hezron.ram.amminadab.nahshon.salma.boaz.obed.jesse.david.nathan.mattatha.menna.melea.eliakim.jonam.joseph.judah.simeon.levi.matthat.jorim.eliezer.joshua.er.elmadam.cosam.addi.melchi.neri.shealtiel.zerubbabel.rhesa.joanan.joda.josech.semein.mattathias.maath.naggai.hesli.nahum.amos,
adam.seth.enosh.kenan.mahalalel.jared.enoch.methuselah.lamech.noah.shem.arpachshad.shelah.eber.peleg.reu.serug.nahor.terah.abram.isaac.jacob.judah.perez.hezron.ram.amminadab.nahshon.salma.boaz.obed.jesse.david.nathan.mattatha.menna.melea.eliakim.jonam.joseph.judah.simeon.levi.matthat.jorim.eliezer.joshua.er.elmadam.cosam.addi.melchi.neri.shealtiel.zerubbabel.rhesa.joanan.joda.josech.semein.mattathias.maath.naggai.hesli.nahum.amos.mattathias,
adam.seth.enosh.kenan.mahalalel.jared.enoch.methuselah.lamech.noah.shem.arpachshad.shelah.eber.peleg.reu.serug.nahor.terah.abram.isaac.jacob.judah.perez.hezron.ram.amminadab.nahshon.salma.boaz.obed.jesse.david.nathan.mattatha.menna.melea.eliakim.jonam.joseph.judah.simeon.levi.matthat.jorim.eliezer.joshua.er.elmadam.cosam.addi.melchi.neri.shealtiel.zerubbabel.rhesa.joanan.joda.josech.semein.mattathias.maath.naggai.hesli.nahum.amos.mattathias.joseph,
adam.seth.enosh.kenan.mahalalel.jared.enoch.methuselah.lamech.noah.shem.arpachshad.shelah.eber.peleg.reu.serug.nahor.terah.abram.isaac.jacob.judah.perez.hezron.ram.amminadab.nahshon.salma.boaz.obed.jesse.david.nathan.mattatha.menna.melea.eliakim.jonam.joseph.judah.simeon.levi.matthat.jorim.eliezer.joshua.er.elmadam.cosam.addi.melchi.neri.shealtiel.zerubbabel.rhesa.joanan.joda.josech.semein.mattathias.maath.naggai.hesli.nahum.amos.mattathias.joseph.jannai,
adam.seth.enosh.kenan.mahalalel.jared.enoch.methuselah.lamech.noah.shem.arpachshad.shelah.eber.peleg.reu.serug.nahor.terah.abram.isaac.jacob.judah.perez.hezron.ram.amminadab.nahshon.salma.boaz.obed.jesse.david.nathan.mattatha.menna.melea.eliakim.jonam.joseph.judah.simeon.levi.matthat.jorim.eliezer.joshua.er.elmadam.cosam.addi.melchi.neri.shealtiel.zerubbabel.rhesa.joanan.joda.josech.semein.mattathias.maath.naggai.hesli.nahum.amos.mattathias.joseph.jannai.melchi,
adam.seth.enosh.kenan.mahalalel.jared.enoch.methuselah.lamech.noah.shem.arpachshad.shelah.eber.peleg.reu.serug.nahor.terah.abram.isaac.jacob.judah.perez.hezron.ram.amminadab.nahshon.salma.boaz.obed.jesse.david.nathan.mattatha.menna.melea.eliakim.jonam.joseph.judah.simeon.levi.matthat.jorim.eliezer.joshua.er.elmadam.cosam.addi.melchi.neri.shealtiel.zerubbabel.rhesa.joanan.joda.josech.semein.mattathias.maath.naggai.hesli.nahum.amos.mattathias.joseph.jannai.melchi.levi,
adam.seth.enosh.kenan.mahalalel.jared.enoch.methuselah.lamech.noah.shem.arpachshad.shelah.eber.peleg.reu.serug.nahor.terah.abram.isaac.jacob.judah.perez.hezron.ram.amminadab.nahshon.salma.boaz.obed.jesse.david.nathan.mattatha.menna.melea.eliakim.jonam.joseph.judah.simeon.levi.matthat.jorim.eliezer.joshua.er.elmadam.cosam.addi.melchi.neri.shealtiel.zerubbabel.rhesa.joanan.joda.josech.semein.mattathias.maath.naggai.hesli.nahum.amos.mattathias.joseph.jannai.melchi.levi.matthat,
adam.seth.enosh.kenan.mahalalel.jared.enoch.methuselah.lamech.noah.shem.arpachshad.shelah.eber.peleg.reu.serug.nahor.terah.abram.isaac.jacob.judah.perez.hezron.ram.amminadab.nahshon.salma.boaz.obed.jesse.david.nathan.mattatha.menna.melea.eliakim.jonam.joseph.judah.simeon.levi.matthat.jorim.eliezer.joshua.er.elmadam.cosam.addi.melchi.neri.shealtiel.zerubbabel.rhesa.joanan.joda.josech.semein.mattathias.maath.naggai.hesli.nahum.amos.mattathias.joseph.jannai.melchi.levi.matthat.eli,
adam.seth.enosh.kenan.mahalalel.jared.enoch.methuselah.lamech.noah.shem.arpachshad.shelah.eber.peleg.reu.serug.nahor.terah.abram.isaac.jacob.judah.perez.hezron.ram.amminadab.nahshon.salma.boaz.obed.jesse.david.nathan.mattatha.menna.melea.eliakim.jonam.joseph.judah.simeon.levi.matthat.jorim.eliezer.joshua.er.elmadam.cosam.addi.melchi.neri.shealtiel.zerubbabel.rhesa.joanan.joda.josech.semein.mattathias.maath.naggai.hesli.nahum.amos.mattathias.joseph.jannai.melchi.levi.matthat.eli.mary,
adam.seth.enosh.kenan.mahalalel.jared.enoch.methuselah.lamech.noah.shem.arpachshad.shelah.eber.peleg.reu.serug.nahor.terah.abram.isaac.jacob.judah.perez.hezron.ram.amminadab.nahshon.salma.boaz.obed.jesse.david.nathan.mattatha.menna.melea.eliakim.jonam.joseph.judah.simeon.levi.matthat.jorim.eliezer.joshua.er.elmadam.cosam.addi.melchi.neri.shealtiel.zerubbabel.rhesa.joanan.joda.josech.semein.mattathias.maath.naggai.hesli.nahum.amos.mattathias.joseph.jannai.melchi.levi.matthat.eli.mary.JESUS,
adam.seth.enosh.kenan.mahalalel.jared.enoch.methuselah.lamech.noah.shem.arpachshad.shelah.eber.peleg.reu.serug.nahor.terah.abram.isaac.jacob.judah.perez.hezron.ram.amminadab.nahshon.salma.boaz.obed.jesse.david.nathan.mattatha.menna.melea.eliakim.jonam.joseph.judah.simeon.levi.matthat.jorim.eliezer.joshua.er.elmadam.cosam.addi.melchi.neri.shealtiel.zerubbabel.rhesa.joanan.joda.josech.semein.mattathias.maath.naggai.hesli.nahum.amos.mattathias.joseph.jannai.melchi.levi.matthat.eli.mary.james,
adam.seth.enosh.kenan.mahalalel.jared.enoch.methuselah.lamech.noah.shem.arpachshad.shelah.eber.peleg.reu.serug.nahor.terah.abram.isaac.jacob.judah.perez.hezron.ram.amminadab.nahshon.salma.boaz.obed.jesse.david.nathan.mattatha.menna.melea.eliakim.jonam.joseph.judah.simeon.levi.matthat.jorim.eliezer.joshua.er.elmadam.cosam.addi.melchi.neri.shealtiel.zerubbabel.rhesa.joanan.joda.josech.semein.mattathias.maath.naggai.hesli.nahum.amos.mattathias.joseph.jannai.melchi.levi.matthat.eli.mary.joses,
adam.seth.enosh.kenan.mahalalel.jared.enoch.methuselah.lamech.noah.shem.arpachshad.shelah.eber.peleg.reu.serug.nahor.terah.abram.isaac.jacob.judah.perez.hezron.ram.amminadab.nahshon.salma.boaz.obed.jesse.david.nathan.mattatha.menna.melea.eliakim.jonam.joseph.judah.simeon.levi.matthat.jorim.eliezer.joshua.er.elmadam.cosam.addi.melchi.neri.shealtiel.zerubbabel.rhesa.joanan.joda.josech.semein.mattathias.maath.naggai.hesli.nahum.amos.mattathias.joseph.jannai.melchi.levi.matthat.eli.mary.judas,
adam.seth.enosh.kenan.mahalalel.jared.enoch.methuselah.lamech.noah.shem.arpachshad.shelah.eber.peleg.reu.serug.nahor.terah.abram.isaac.jacob.judah.perez.hezron.ram.amminadab.nahshon.salma.boaz.obed.jesse.david.nathan.mattatha.menna.melea.eliakim.jonam.joseph.judah.simeon.levi.matthat.jorim.eliezer.joshua.er.elmadam.cosam.addi.melchi.neri.shealtiel.zerubbabel.rhesa.joanan.joda.josech.semein.mattathias.maath.naggai.hesli.nahum.amos.mattathias.joseph.jannai.melchi.levi.matthat.eli.mary.simon,
adam.seth.enosh.kenan.mahalalel.jared.enoch.methuselah.lamech.noah.shem.arpachshad.shelah.eber.peleg.reu.serug.nahor.terah.abram.isaac.jacob.judah.perez.hezron.ram.amminadab.nahshon.salma.boaz.obed.jesse.david.nathan.mattatha.menna.melea.eliakim.jonam.joseph.judah.simeon.levi.matthat.jorim.eliezer.joshua.er.elmadam.cosam.addi.melchi.neri.shealtiel.zerubbabel.rhesa.joanan.joda.josech.semein.mattathias.maath.naggai.hesli.nahum.amos.mattathias.joseph.jannai.melchi.levi.matthat.eli.mary.sister,
adam.seth.enosh.kenan.mahalalel.jared.enoch.methuselah.lamech.noah.shem.arpachshad.shelah.eber.peleg.reu.serug.nahor.terah.abram.isaac.jacob.judah.perez.hezron.ram.amminadab.nahshon.salma.boaz.obed.jesse.david.nathan.mattatha.menna.melea.eliakim.jonam.joseph.judah.simeon.levi.matthat.jorim.eliezer.joshua.er.elmadam.cosam.addi.melchi.neri.shealtiel.zerubbabel.rhesa.joanan.joda.josech.semein.mattathias.maath.naggai.hesli.nahum.amos.mattathias.joseph.jannai.melchi.levi.matthat.eli.mary.sister,
adam.seth.enosh.kenan.mahalalel.jared.enoch.methuselah.lamech.noah.shem.arpachshad.shelah.eber.peleg.reu.serug.nahor.terah.abram.isaac.jacob.judah.perez.hezron.ram.amminadab.nahshon.salma.boaz.obed.jesse.david.solomon,
adam.seth.enosh.kenan.mahalalel.jared.enoch.methuselah.lamech.noah.shem.arpachshad.shelah.eber.peleg.reu.serug.nahor.terah.abram.isaac.jacob.judah.perez.hezron.ram.amminadab.nahshon.salma.boaz.obed.jesse.david.solomon.rehoboam,
adam.seth.enosh.kenan.mahalalel.jared.enoch.methuselah.lamech.noah.shem.arpachshad.shelah.eber.peleg.reu.serug.nahor.terah.abram.isaac.jacob.judah.perez.hezron.ram.amminadab.nahshon.salma.boaz.obed.jesse.david.solomon.rehoboam.abijah,
adam.seth.enosh.kenan.mahalalel.jared.enoch.methuselah.lamech.noah.shem.arpachshad.shelah.eber.peleg.reu.serug.nahor.terah.abram.isaac.jacob.judah.perez.hezron.ram.amminadab.nahshon.salma.boaz.obed.jesse.david.solomon.rehoboam.abijah.asa,
adam.seth.enosh.kenan.mahalalel.jared.enoch.methuselah.lamech.noah.shem.arpachshad.shelah.eber.peleg.reu.serug.nahor.terah.abram.isaac.jacob.judah.perez.hezron.ram.amminadab.nahshon.salma.boaz.obed.jesse.david.solomon.rehoboam.abijah.asa.jehoshaphat,
adam.seth.enosh.kenan.mahalalel.jared.enoch.methuselah.lamech.noah.shem.arpachshad.shelah.eber.peleg.reu.serug.nahor.terah.abram.isaac.jacob.judah.perez.hezron.ram.amminadab.nahshon.salma.boaz.obed.jesse.david.solomon.rehoboam.abijah.asa.jehoshaphat.joram,
adam.seth.enosh.kenan.mahalalel.jared.enoch.methuselah.lamech.noah.shem.arpachshad.shelah.eber.peleg.reu.serug.nahor.terah.abram.isaac.jacob.judah.perez.hezron.ram.amminadab.nahshon.salma.boaz.obed.jesse.david.solomon.rehoboam.abijah.asa.jehoshaphat.joram.ahaziah,
adam.seth.enosh.kenan.mahalalel.jared.enoch.methuselah.lamech.noah.shem.arpachshad.shelah.eber.peleg.reu.serug.nahor.terah.abram.isaac.jacob.judah.perez.hezron.ram.amminadab.nahshon.salma.boaz.obed.jesse.david.solomon.rehoboam.abijah.asa.jehoshaphat.joram.ahaziah.joash,
adam.seth.enosh.kenan.mahalalel.jared.enoch.methuselah.lamech.noah.shem.arpachshad.shelah.eber.peleg.reu.serug.nahor.terah.abram.isaac.jacob.judah.perez.hezron.ram.amminadab.nahshon.salma.boaz.obed.jesse.david.solomon.rehoboam.abijah.asa.jehoshaphat.joram.ahaziah.joash.amaziah,
adam.seth.enosh.kenan.mahalalel.jared.enoch.methuselah.lamech.noah.shem.arpachshad.shelah.eber.peleg.reu.serug.nahor.terah.abram.isaac.jacob.judah.perez.hezron.ram.amminadab.nahshon.salma.boaz.obed.jesse.david.solomon.rehoboam.abijah.asa.jehoshaphat.joram.ahaziah.joash.amaziah.azariah,
adam.seth.enosh.kenan.mahalalel.jared.enoch.methuselah.lamech.noah.shem.arpachshad.shelah.eber.peleg.reu.serug.nahor.terah.abram.isaac.jacob.judah.perez.hezron.ram.amminadab.nahshon.salma.boaz.obed.jesse.david.solomon.rehoboam.abijah.asa.jehoshaphat.joram.ahaziah.joash.amaziah.azariah.jotham,
adam.seth.enosh.kenan.mahalalel.jared.enoch.methuselah.lamech.noah.shem.arpachshad.shelah.eber.peleg.reu.serug.nahor.terah.abram.isaac.jacob.judah.perez.hezron.ram.amminadab.nahshon.salma.boaz.obed.jesse.david.solomon.rehoboam.abijah.asa.jehoshaphat.joram.ahaziah.joash.amaziah.azariah.jotham.ahaz,
adam.seth.enosh.kenan.mahalalel.jared.enoch.methuselah.lamech.noah.shem.arpachshad.shelah.eber.peleg.reu.serug.nahor.terah.abram.isaac.jacob.judah.perez.hezron.ram.amminadab.nahshon.salma.boaz.obed.jesse.david.solomon.rehoboam.abijah.asa.jehoshaphat.joram.ahaziah.joash.amaziah.azariah.jotham.ahaz.hezekiah,
adam.seth.enosh.kenan.mahalalel.jared.enoch.methuselah.lamech.noah.shem.arpachshad.shelah.eber.peleg.reu.serug.nahor.terah.abram.isaac.jacob.judah.perez.hezron.ram.amminadab.nahshon.salma.boaz.obed.jesse.david.solomon.rehoboam.abijah.asa.jehoshaphat.joram.ahaziah.joash.amaziah.azariah.jotham.ahaz.hezekiah.manasseh,
adam.seth.enosh.kenan.mahalalel.jared.enoch.methuselah.lamech.noah.shem.arpachshad.shelah.eber.peleg.reu.serug.nahor.terah.abram.isaac.jacob.judah.perez.hezron.ram.amminadab.nahshon.salma.boaz.obed.jesse.david.solomon.rehoboam.abijah.asa.jehoshaphat.joram.ahaziah.joash.amaziah.azariah.jotham.ahaz.hezekiah.manasseh.amon,
adam.seth.enosh.kenan.mahalalel.jared.enoch.methuselah.lamech.noah.shem.arpachshad.shelah.eber.peleg.reu.serug.nahor.terah.abram.isaac.jacob.judah.perez.hezron.ram.amminadab.nahshon.salma.boaz.obed.jesse.david.solomon.rehoboam.abijah.asa.jehoshaphat.joram.ahaziah.joash.amaziah.azariah.jotham.ahaz.hezekiah.manasseh.amon.josiah,
adam.seth.enosh.kenan.mahalalel.jared.enoch.methuselah.lamech.noah.shem.arpachshad.shelah.eber.peleg.reu.serug.nahor.terah.abram.isaac.jacob.judah.perez.hezron.ram.amminadab.nahshon.salma.boaz.obed.jesse.david.solomon.rehoboam.abijah.asa.jehoshaphat.joram.ahaziah.joash.amaziah.azariah.jotham.ahaz.hezekiah.manasseh.amon.josiah.jehoahaz,
adam.seth.enosh.kenan.mahalalel.jared.enoch.methuselah.lamech.noah.shem.arpachshad.shelah.eber.peleg.reu.serug.nahor.terah.abram.isaac.jacob.judah.perez.hezron.ram.amminadab.nahshon.salma.boaz.obed.jesse.david.solomon.rehoboam.abijah.asa.jehoshaphat.joram.ahaziah.joash.amaziah.azariah.jotham.ahaz.hezekiah.manasseh.amon.josiah.jehoiakim,
adam.seth.enosh.kenan.mahalalel.jared.enoch.methuselah.lamech.noah.shem.arpachshad.shelah.eber.peleg.reu.serug.nahor.terah.abram.isaac.jacob.judah.perez.hezron.ram.amminadab.nahshon.salma.boaz.obed.jesse.david.solomon.rehoboam.abijah.asa.jehoshaphat.joram.ahaziah.joash.amaziah.azariah.jotham.ahaz.hezekiah.manasseh.amon.josiah.jehoiakim.jehoiachin,
adam.seth.enosh.kenan.mahalalel.jared.enoch.methuselah.lamech.noah.shem.arpachshad.shelah.eber.peleg.reu.serug.nahor.terah.abram.isaac.jacob.judah.perez.hezron.ram.amminadab.nahshon.salma.boaz.obed.jesse.david.solomon.rehoboam.abijah.asa.jehoshaphat.joram.ahaziah.joash.amaziah.azariah.jotham.ahaz.hezekiah.manasseh.amon.josiah.jehoiakim.jehoiachin.zedekiah,
adam.seth.enosh.kenan.mahalalel.jared.enoch.methuselah.lamech.noah.shem.arpachshad.shelah.eber.peleg.reu.serug.nahor.terah.abram.isaac.jacob.judah.perez.hezron.ram.amminadab.nahshon.salma.boaz.obed.jesse.david.solomon.rehoboam.abijah.asa.jehoshaphat.joram.ahaziah.joash.amaziah.azariah.jotham.ahaz.hezekiah.manasseh.amon.josiah.jehoiakim.jehoiachin.shealtiel,
adam.seth.enosh.kenan.mahalalel.jared.enoch.methuselah.lamech.noah.shem.arpachshad.shelah.eber.peleg.reu.serug.nahor.terah.abram.isaac.jacob.judah.perez.hezron.ram.amminadab.nahshon.salma.boaz.obed.jesse.david.solomon.rehoboam.abijah.asa.jehoshaphat.joram.ahaziah.joash.amaziah.azariah.jotham.ahaz.hezekiah.manasseh.amon.josiah.jehoiakim.jehoiachin.shealtiel.zerubbabel,
adam.seth.enosh.kenan.mahalalel.jared.enoch.methuselah.lamech.noah.shem.arpachshad.shelah.eber.peleg.reu.serug.nahor.terah.abram.isaac.jacob.judah.perez.hezron.ram.amminadab.nahshon.salma.boaz.obed.jesse.david.solomon.rehoboam.abijah.asa.jehoshaphat.joram.ahaziah.joash.amaziah.azariah.jotham.ahaz.hezekiah.manasseh.amon.josiah.jehoiakim.jehoiachin.shealtiel.zerubbabel.abihud,
adam.seth.enosh.kenan.mahalalel.jared.enoch.methuselah.lamech.noah.shem.arpachshad.shelah.eber.peleg.reu.serug.nahor.terah.abram.isaac.jacob.judah.perez.hezron.ram.amminadab.nahshon.salma.boaz.obed.jesse.david.solomon.rehoboam.abijah.asa.jehoshaphat.joram.ahaziah.joash.amaziah.azariah.jotham.ahaz.hezekiah.manasseh.amon.josiah.jehoiakim.jehoiachin.shealtiel.zerubbabel.abihud.eliakim,
adam.seth.enosh.kenan.mahalalel.jared.enoch.methuselah.lamech.noah.shem.arpachshad.shelah.eber.peleg.reu.serug.nahor.terah.abram.isaac.jacob.judah.perez.hezron.ram.amminadab.nahshon.salma.boaz.obed.jesse.david.solomon.rehoboam.abijah.asa.jehoshaphat.joram.ahaziah.joash.amaziah.azariah.jotham.ahaz.hezekiah.manasseh.amon.josiah.jehoiakim.jehoiachin.shealtiel.zerubbabel.abihud.eliakim.azor,
adam.seth.enosh.kenan.mahalalel.jared.enoch.methuselah.lamech.noah.shem.arpachshad.shelah.eber.peleg.reu.serug.nahor.terah.abram.isaac.jacob.judah.perez.hezron.ram.amminadab.nahshon.salma.boaz.obed.jesse.david.solomon.rehoboam.abijah.asa.jehoshaphat.joram.ahaziah.joash.amaziah.azariah.jotham.ahaz.hezekiah.manasseh.amon.josiah.jehoiakim.jehoiachin.shealtiel.zerubbabel.abihud.eliakim.azor.zadoc,
adam.seth.enosh.kenan.mahalalel.jared.enoch.methuselah.lamech.noah.shem.arpachshad.shelah.eber.peleg.reu.serug.nahor.terah.abram.isaac.jacob.judah.perez.hezron.ram.amminadab.nahshon.salma.boaz.obed.jesse.david.solomon.rehoboam.abijah.asa.jehoshaphat.joram.ahaziah.joash.amaziah.azariah.jotham.ahaz.hezekiah.manasseh.amon.josiah.jehoiakim.jehoiachin.shealtiel.zerubbabel.abihud.eliakim.azor.zadoc.achim,
adam.seth.enosh.kenan.mahalalel.jared.enoch.methuselah.lamech.noah.shem.arpachshad.shelah.eber.peleg.reu.serug.nahor.terah.abram.isaac.jacob.judah.perez.hezron.ram.amminadab.nahshon.salma.boaz.obed.jesse.david.solomon.rehoboam.abijah.asa.jehoshaphat.joram.ahaziah.joash.amaziah.azariah.jotham.ahaz.hezekiah.manasseh.amon.josiah.jehoiakim.jehoiachin.shealtiel.zerubbabel.abihud.eliakim.azor.zadoc.achim.eliud,
adam.seth.enosh.kenan.mahalalel.jared.enoch.methuselah.lamech.noah.shem.arpachshad.shelah.eber.peleg.reu.serug.nahor.terah.abram.isaac.jacob.judah.perez.hezron.ram.amminadab.nahshon.salma.boaz.obed.jesse.david.solomon.rehoboam.abijah.asa.jehoshaphat.joram.ahaziah.joash.amaziah.azariah.jotham.ahaz.hezekiah.manasseh.amon.josiah.jehoiakim.jehoiachin.shealtiel.zerubbabel.abihud.eliakim.azor.zadoc.achim.eliud.eleazar,
adam.seth.enosh.kenan.mahalalel.jared.enoch.methuselah.lamech.noah.shem.arpachshad.shelah.eber.peleg.reu.serug.nahor.terah.abram.isaac.jacob.judah.perez.hezron.ram.amminadab.nahshon.salma.boaz.obed.jesse.david.solomon.rehoboam.abijah.asa.jehoshaphat.joram.ahaziah.joash.amaziah.azariah.jotham.ahaz.hezekiah.manasseh.amon.josiah.jehoiakim.jehoiachin.shealtiel.zerubbabel.abihud.eliakim.azor.zadoc.achim.eliud.eleazar.matthan,
adam.seth.enosh.kenan.mahalalel.jared.enoch.methuselah.lamech.noah.shem.arpachshad.shelah.eber.peleg.reu.serug.nahor.terah.abram.isaac.jacob.judah.perez.hezron.ram.amminadab.nahshon.salma.boaz.obed.jesse.david.solomon.rehoboam.abijah.asa.jehoshaphat.joram.ahaziah.joash.amaziah.azariah.jotham.ahaz.hezekiah.manasseh.amon.josiah.jehoiakim.jehoiachin.shealtiel.zerubbabel.abihud.eliakim.azor.zadoc.achim.eliud.eleazar.matthan.jacob,
adam.seth.enosh.kenan.mahalalel.jared.enoch.methuselah.lamech.noah.shem.arpachshad.shelah.eber.peleg.reu.serug.nahor.terah.abram.isaac.jacob.judah.perez.hezron.ram.amminadab.nahshon.salma.boaz.obed.jesse.david.solomon.rehoboam.abijah.asa.jehoshaphat.joram.ahaziah.joash.amaziah.azariah.jotham.ahaz.hezekiah.manasseh.amon.josiah.jehoiakim.jehoiachin.shealtiel.zerubbabel.abihud.eliakim.azor.zadoc.achim.eliud.eleazar.matthan.jacob.joseph,
adam.seth.enosh.kenan.mahalalel.jared.enoch.methuselah.lamech.noah.shem.arpachshad.shelah.eber.peleg.reu.serug.nahor.terah.abram.isaac.jacob.judah.perez.hezron.ram.amminadab.nahshon.salma.boaz.obed.jesse.david.solomon.rehoboam.abijah.asa.jehoshaphat.joram.ahaziah.joash.amaziah.azariah.jotham.ahaz.hezekiah.manasseh.amon.josiah.jehoiakim.jehoiachin.malchiram,
adam.seth.enosh.kenan.mahalalel.jared.enoch.methuselah.lamech.noah.shem.arpachshad.shelah.eber.peleg.reu.serug.nahor.terah.abram.isaac.jacob.judah.perez.hezron.ram.amminadab.nahshon.salma.boaz.obed.jesse.david.solomon.rehoboam.abijah.asa.jehoshaphat.joram.ahaziah.joash.amaziah.azariah.jotham.ahaz.hezekiah.manasseh.amon.josiah.jehoiakim.jehoiachin.pedaiah,
adam.seth.enosh.kenan.mahalalel.jared.enoch.methuselah.lamech.noah.shem.arpachshad.shelah.eber.peleg.reu.serug.nahor.terah.abram.isaac.jacob.judah.perez.hezron.ram.amminadab.nahshon.salma.boaz.obed.jesse.david.solomon.rehoboam.abijah.asa.jehoshaphat.joram.ahaziah.joash.amaziah.azariah.jotham.ahaz.hezekiah.manasseh.amon.josiah.jehoiakim.jehoiachin.shenazzar,
adam.seth.enosh.kenan.mahalalel.jared.enoch.methuselah.lamech.noah.shem.arpachshad.shelah.eber.peleg.reu.serug.nahor.terah.abram.isaac.jacob.judah.perez.hezron.ram.amminadab.nahshon.salma.boaz.obed.jesse.david.solomon.rehoboam.abijah.asa.jehoshaphat.joram.ahaziah.joash.amaziah.azariah.jotham.ahaz.hezekiah.manasseh.amon.josiah.jehoiakim.jehoiachin.jekamiah,
adam.seth.enosh.kenan.mahalalel.jared.enoch.methuselah.lamech.noah.shem.arpachshad.shelah.eber.peleg.reu.serug.nahor.terah.abram.isaac.jacob.judah.perez.hezron.ram.amminadab.nahshon.salma.boaz.obed.jesse.david.solomon.rehoboam.abijah.asa.jehoshaphat.joram.ahaziah.joash.amaziah.azariah.jotham.ahaz.hezekiah.manasseh.amon.josiah.jehoiakim.jehoiachin.hoshama,
adam.seth.enosh.kenan.mahalalel.jared.enoch.methuselah.lamech.noah.shem.arpachshad.shelah.eber.peleg.reu.serug.nahor.terah.abram.isaac.jacob.judah.perez.hezron.ram.amminadab.nahshon.salma.boaz.obed.jesse.david.solomon.rehoboam.abijah.asa.jehoshaphat.joram.ahaziah.joash.amaziah.azariah.jotham.ahaz.hezekiah.manasseh.amon.josiah.jehoiakim.jehoiachin.nedabiah,
adam.seth.enosh.kenan.mahalalel.jared.enoch.methuselah.lamech.noah.shem.arpachshad.shelah.eber.peleg.reu.serug.nahor.terah.abram.isaac.jacob.judah.perez.hezron.ram.amminadab.nahshon.salma.boaz.obed.jesse.david.solomon.rehoboam.abijah.asa.jehoshaphat.joram.ahaziah.joash.amaziah.azariah.jotham.ahaz.hezekiah.manasseh.amon.josiah.jehoiakim.zedekiah,
adam.seth.enosh.kenan.mahalalel.jared.enoch.methuselah.lamech.noah.shem.arpachshad.shelah.eber.peleg.reu.serug.nahor.terah.abram.isaac.jacob.judah.perez.hezron.ram.amminadab.nahshon.salma.boaz.obed.jesse.david.solomon.rehoboam.abijah.asa.jehoshaphat.joram.ahaziah.joash.amaziah.azariah.jotham.ahaz.hezekiah.manasseh.amon.josiah.zedekiah,
adam.seth.enosh.kenan.mahalalel.jared.enoch.methuselah.lamech.noah.shem.arpachshad.shelah.eber.peleg.reu.serug.nahor.terah.abram.isaac.jacob.judah.perez.hezron.ram.amminadab.nahshon.salma.boaz.obed.jesse.david.solomon.rehoboam.abijah.asa.jehoshaphat.joram.ahaziah.joash.amaziah.azariah.jotham.ahaz.hezekiah.manasseh.amon.josiah.shallum,
adam.seth.enosh.kenan.mahalalel.jared.enoch.methuselah.lamech.noah.shem.arpachshad.shelah.eber.peleg.reu.serug.nahor.terah.abram.isaac.jacob.judah.perez.hezron.ram.amminadab.nahshon.salma.boaz.obed.jesse.david.ibhar,
adam.seth.enosh.kenan.mahalalel.jared.enoch.methuselah.lamech.noah.shem.arpachshad.shelah.eber.peleg.reu.serug.nahor.terah.abram.isaac.jacob.judah.perez.hezron.ram.amminadab.nahshon.salma.boaz.obed.jesse.david.elishama,
adam.seth.enosh.kenan.mahalalel.jared.enoch.methuselah.lamech.noah.shem.arpachshad.shelah.eber.peleg.reu.serug.nahor.terah.abram.isaac.jacob.judah.perez.hezron.ram.amminadab.nahshon.salma.boaz.obed.jesse.david.eliphelet,
adam.seth.enosh.kenan.mahalalel.jared.enoch.methuselah.lamech.noah.shem.arpachshad.shelah.eber.peleg.reu.serug.nahor.terah.abram.isaac.jacob.judah.perez.hezron.ram.amminadab.nahshon.salma.boaz.obed.jesse.david.nogah,
adam.seth.enosh.kenan.mahalalel.jared.enoch.methuselah.lamech.noah.shem.arpachshad.shelah.eber.peleg.reu.serug.nahor.terah.abram.isaac.jacob.judah.perez.hezron.ram.amminadab.nahshon.salma.boaz.obed.jesse.david.nepheg,
adam.seth.enosh.kenan.mahalalel.jared.enoch.methuselah.lamech.noah.shem.arpachshad.shelah.eber.peleg.reu.serug.nahor.terah.abram.isaac.jacob.judah.perez.hezron.ram.amminadab.nahshon.salma.boaz.obed.jesse.david.japhia,
adam.seth.enosh.kenan.mahalalel.jared.enoch.methuselah.lamech.noah.shem.arpachshad.shelah.eber.peleg.reu.serug.nahor.terah.abram.isaac.jacob.judah.perez.hezron.ram.amminadab.nahshon.salma.boaz.obed.jesse.david.tamar,
adam.seth.enosh.kenan.mahalalel.jared.enoch.methuselah.lamech.noah.shem.arpachshad.shelah.eber.peleg.reu.serug.nahor.terah.abram.isaac.jacob.judah.perez.hezron.ram.amminadab.nahshon.salma.boaz.obed.jesse.zeruiah,
adam.seth.enosh.kenan.mahalalel.jared.enoch.methuselah.lamech.noah.shem.arpachshad.shelah.eber.peleg.reu.serug.nahor.terah.abram.isaac.jacob.judah.perez.hezron.ram.amminadab.nahshon.salma.boaz.obed.jesse.abigail,
adam.seth.enosh.kenan.mahalalel.jared.enoch.methuselah.lamech.noah.shem.arpachshad.shelah.eber.peleg.reu.serug.nahor.terah.abram.isaac.jacob.judah.perez.hezron.caleb,
adam.seth.enosh.kenan.mahalalel.jared.enoch.methuselah.lamech.noah.shem.arpachshad.shelah.eber.peleg.reu.serug.nahor.terah.abram.isaac.jacob.judah.perez.hezron.ashhur,
adam.seth.enosh.kenan.mahalalel.jared.enoch.methuselah.lamech.noah.shem.arpachshad.shelah.eber.peleg.reu.serug.nahor.terah.abram.isaac.jacob.judah.perez.hezron.segub,
adam.seth.enosh.kenan.mahalalel.jared.enoch.methuselah.lamech.noah.shem.arpachshad.shelah.eber.peleg.reu.serug.nahor.terah.abram.isaac.jacob.judah.perez.hezron.segub.jair,
adam.seth.enosh.kenan.mahalalel.jared.enoch.methuselah.lamech.noah.shem.arpachshad.shelah.eber.peleg.reu.serug.nahor.terah.abram.isaac.jacob.judah.perez.hamul,
adam.seth.enosh.kenan.mahalalel.jared.enoch.methuselah.lamech.noah.shem.arpachshad.shelah.eber.peleg.reu.serug.nahor.terah.abram.isaac.jacob.judah.zerah,
adam.seth.enosh.kenan.mahalalel.jared.enoch.methuselah.lamech.noah.shem.arpachshad.shelah.eber.peleg.reu.serug.nahor.terah.abram.isaac.jacob.dan,
adam.seth.enosh.kenan.mahalalel.jared.enoch.methuselah.lamech.noah.shem.arpachshad.shelah.eber.peleg.reu.serug.nahor.terah.abram.isaac.jacob.naphtali,
adam.seth.enosh.kenan.mahalalel.jared.enoch.methuselah.lamech.noah.shem.arpachshad.shelah.eber.peleg.reu.serug.nahor.terah.abram.isaac.jacob.gad,
adam.seth.enosh.kenan.mahalalel.jared.enoch.methuselah.lamech.noah.shem.arpachshad.shelah.eber.peleg.reu.serug.nahor.terah.abram.isaac.jacob.asher,
adam.seth.enosh.kenan.mahalalel.jared.enoch.methuselah.lamech.noah.shem.arpachshad.shelah.eber.peleg.reu.serug.nahor.terah.abram.isaac.jacob.issachar,
adam.seth.enosh.kenan.mahalalel.jared.enoch.methuselah.lamech.noah.shem.arpachshad.shelah.eber.peleg.reu.serug.nahor.terah.abram.isaac.jacob.zebulun,
adam.seth.enosh.kenan.mahalalel.jared.enoch.methuselah.lamech.noah.shem.arpachshad.shelah.eber.peleg.reu.serug.nahor.terah.abram.isaac.jacob.joseph,
adam.seth.enosh.kenan.mahalalel.jared.enoch.methuselah.lamech.noah.shem.arpachshad.shelah.eber.peleg.reu.serug.nahor.terah.abram.isaac.jacob.joseph.manasseh,
adam.seth.enosh.kenan.mahalalel.jared.enoch.methuselah.lamech.noah.shem.arpachshad.shelah.eber.peleg.reu.serug.nahor.terah.abram.isaac.jacob.joseph.ephraim,
adam.seth.enosh.kenan.mahalalel.jared.enoch.methuselah.lamech.noah.shem.arpachshad.shelah.eber.peleg.reu.serug.nahor.terah.abram.isaac.jacob.joseph.ephraim.shuthelah,
adam.seth.enosh.kenan.mahalalel.jared.enoch.methuselah.lamech.noah.shem.arpachshad.shelah.eber.peleg.reu.serug.nahor.terah.abram.isaac.jacob.joseph.ephraim.ezer,
adam.seth.enosh.kenan.mahalalel.jared.enoch.methuselah.lamech.noah.shem.arpachshad.shelah.eber.peleg.reu.serug.nahor.terah.abram.isaac.jacob.joseph.ephraim.elead,
adam.seth.enosh.kenan.mahalalel.jared.enoch.methuselah.lamech.noah.shem.arpachshad.shelah.eber.peleg.reu.serug.nahor.terah.abram.isaac.jacob.joseph.ephraim.beriah,
adam.seth.enosh.kenan.mahalalel.jared.enoch.methuselah.lamech.noah.shem.arpachshad.shelah.eber.peleg.reu.serug.nahor.terah.abram.isaac.jacob.joseph.ephraim.beriah.sheerah,
adam.seth.enosh.kenan.mahalalel.jared.enoch.methuselah.lamech.noah.shem.arpachshad.shelah.eber.peleg.reu.serug.nahor.terah.abram.isaac.jacob.joseph.ephraim.beriah.rephah,
adam.seth.enosh.kenan.mahalalel.jared.enoch.methuselah.lamech.noah.shem.arpachshad.shelah.eber.peleg.reu.serug.nahor.terah.abram.isaac.jacob.joseph.ephraim.beriah.rephah.telah,
adam.seth.enosh.kenan.mahalalel.jared.enoch.methuselah.lamech.noah.shem.arpachshad.shelah.eber.peleg.reu.serug.nahor.terah.abram.isaac.jacob.joseph.ephraim.beriah.rephah.telah.tahan,
adam.seth.enosh.kenan.mahalalel.jared.enoch.methuselah.lamech.noah.shem.arpachshad.shelah.eber.peleg.reu.serug.nahor.terah.abram.isaac.jacob.joseph.ephraim.beriah.rephah.telah.tahan.ladan,
adam.seth.enosh.kenan.mahalalel.jared.enoch.methuselah.lamech.noah.shem.arpachshad.shelah.eber.peleg.reu.serug.nahor.terah.abram.isaac.jacob.joseph.ephraim.beriah.rephah.telah.tahan.ladan.ammihud,
adam.seth.enosh.kenan.mahalalel.jared.enoch.methuselah.lamech.noah.shem.arpachshad.shelah.eber.peleg.reu.serug.nahor.terah.abram.isaac.jacob.joseph.ephraim.beriah.rephah.telah.tahan.ladan.ammihud.elishama,
adam.seth.enosh.kenan.mahalalel.jared.enoch.methuselah.lamech.noah.shem.arpachshad.shelah.eber.peleg.reu.serug.nahor.terah.abram.isaac.jacob.joseph.ephraim.beriah.rephah.telah.tahan.ladan.ammihud.elishama.nun,
adam.seth.enosh.kenan.mahalalel.jared.enoch.methuselah.lamech.noah.shem.arpachshad.shelah.eber.peleg.reu.serug.nahor.terah.abram.isaac.jacob.joseph.ephraim.beriah.rephah.telah.tahan.ladan.ammihud.elishama.nun.joshua,
adam.seth.enosh.kenan.mahalalel.jared.enoch.methuselah.lamech.noah.shem.arpachshad.shelah.eber.peleg.reu.serug.nahor.terah.abram.isaac.jacob.joseph.ephraim.beriah.resheph,
adam.seth.enosh.kenan.mahalalel.jared.enoch.methuselah.lamech.noah.shem.arpachshad.shelah.eber.peleg.reu.serug.nahor.terah.abram.isaac.jacob.benjamin,
adam.seth.enosh.kenan.mahalalel.jared.enoch.methuselah.lamech.noah.shem.arpachshad.shelah.eber.peleg.reu.serug.nahor.terah.abram.isaac.jacob.benjamin.bela,
adam.seth.enosh.kenan.mahalalel.jared.enoch.methuselah.lamech.noah.shem.arpachshad.shelah.eber.peleg.reu.serug.nahor.terah.abram.isaac.jacob.benjamin.bela.ezbon,
adam.seth.enosh.kenan.mahalalel.jared.enoch.methuselah.lamech.noah.shem.arpachshad.shelah.eber.peleg.reu.serug.nahor.terah.abram.isaac.jacob.benjamin.bela.uzzi,
adam.seth.enosh.kenan.mahalalel.jared.enoch.methuselah.lamech.noah.shem.arpachshad.shelah.eber.peleg.reu.serug.nahor.terah.abram.isaac.jacob.benjamin.bela.uzziel,
adam.seth.enosh.kenan.mahalalel.jared.enoch.methuselah.lamech.noah.shem.arpachshad.shelah.eber.peleg.reu.serug.nahor.terah.abram.isaac.jacob.benjamin.bela.jerimoth,
adam.seth.enosh.kenan.mahalalel.jared.enoch.methuselah.lamech.noah.shem.arpachshad.shelah.eber.peleg.reu.serug.nahor.terah.abram.isaac.jacob.benjamin.bela.iri,
adam.seth.enosh.kenan.mahalalel.jared.enoch.methuselah.lamech.noah.shem.arpachshad.shelah.eber.peleg.reu.serug.nahor.terah.abram.isaac.jacob.benjamin.bela.ard,
adam.seth.enosh.kenan.mahalalel.jared.enoch.methuselah.lamech.noah.shem.arpachshad.shelah.eber.peleg.reu.serug.nahor.terah.abram.isaac.jacob.benjamin.bela.ard.gera,
adam.seth.enosh.kenan.mahalalel.jared.enoch.methuselah.lamech.noah.shem.arpachshad.shelah.eber.peleg.reu.serug.nahor.terah.abram.isaac.jacob.benjamin.bela.ard.gera.abihud,
adam.seth.enosh.kenan.mahalalel.jared.enoch.methuselah.lamech.noah.shem.arpachshad.shelah.eber.peleg.reu.serug.nahor.terah.abram.isaac.jacob.benjamin.bela.ard.gera.abihud.abishua,
adam.seth.enosh.kenan.mahalalel.jared.enoch.methuselah.lamech.noah.shem.arpachshad.shelah.eber.peleg.reu.serug.nahor.terah.abram.isaac.jacob.benjamin.bela.ard.gera.abihud.abishua.naaman,
adam.seth.enosh.kenan.mahalalel.jared.enoch.methuselah.lamech.noah.shem.arpachshad.shelah.eber.peleg.reu.serug.nahor.terah.abram.isaac.jacob.benjamin.bela.ard.gera.abihud.abishua.naaman.ahoah,
adam.seth.enosh.kenan.mahalalel.jared.enoch.methuselah.lamech.noah.shem.arpachshad.shelah.eber.peleg.reu.serug.nahor.terah.abram.isaac.jacob.benjamin.bela.ard.gera.abihud.abishua.naaman.ahoah.gera,
adam.seth.enosh.kenan.mahalalel.jared.enoch.methuselah.lamech.noah.shem.arpachshad.shelah.eber.peleg.reu.serug.nahor.terah.abram.isaac.jacob.benjamin.bela.ard.gera.abihud.abishua.naaman.ahoah.gera.shephuphan,
adam.seth.enosh.kenan.mahalalel.jared.enoch.methuselah.lamech.noah.shem.arpachshad.shelah.eber.peleg.reu.serug.nahor.terah.abram.isaac.jacob.benjamin.bela.ard.gera.abihud.abishua.naaman.ahoah.gera.ehud,
adam.seth.enosh.kenan.mahalalel.jared.enoch.methuselah.lamech.noah.shem.arpachshad.shelah.eber.peleg.reu.serug.nahor.terah.abram.isaac.jacob.benjamin.bela.naaman,
adam.seth.enosh.kenan.mahalalel.jared.enoch.methuselah.lamech.noah.shem.arpachshad.shelah.eber.peleg.reu.serug.nahor.terah.abram.isaac.jacob.benjamin.becher,
adam.seth.enosh.kenan.mahalalel.jared.enoch.methuselah.lamech.noah.shem.arpachshad.shelah.eber.peleg.reu.serug.nahor.terah.abram.isaac.jacob.benjamin.ashbel,
adam.seth.enosh.kenan.mahalalel.jared.enoch.methuselah.lamech.noah.shem.arpachshad.shelah.eber.peleg.reu.serug.nahor.terah.abram.isaac.jacob.benjamin.aharah,
adam.seth.enosh.kenan.mahalalel.jared.enoch.methuselah.lamech.noah.shem.arpachshad.shelah.eber.peleg.reu.serug.nahor.terah.abram.isaac.jacob.benjamin.nohah,
adam.seth.enosh.kenan.mahalalel.jared.enoch.methuselah.lamech.noah.shem.arpachshad.shelah.eber.peleg.reu.serug.nahor.terah.abram.isaac.jacob.benjamin.rapha,
adam.seth.enosh.kenan.mahalalel.jared.enoch.methuselah.lamech.noah.shem.arpachshad.shelah.eber.peleg.reu.serug.nahor.terah.abram.isaac.jacob.benjamin.rapha.becorath,
adam.seth.enosh.kenan.mahalalel.jared.enoch.methuselah.lamech.noah.shem.arpachshad.shelah.eber.peleg.reu.serug.nahor.terah.abram.isaac.jacob.benjamin.rapha.becorath.zeror,
adam.seth.enosh.kenan.mahalalel.jared.enoch.methuselah.lamech.noah.shem.arpachshad.shelah.eber.peleg.reu.serug.nahor.terah.abram.isaac.jacob.benjamin.rapha.becorath.zeror.jeiel,
adam.seth.enosh.kenan.mahalalel.jared.enoch.methuselah.lamech.noah.shem.arpachshad.shelah.eber.peleg.reu.serug.nahor.terah.abram.isaac.jacob.benjamin.rapha.becorath.zeror.jeiel.abdon,
adam.seth.enosh.kenan.mahalalel.jared.enoch.methuselah.lamech.noah.shem.arpachshad.shelah.eber.peleg.reu.serug.nahor.terah.abram.isaac.jacob.benjamin.rapha.becorath.zeror.jeiel.zur,
adam.seth.enosh.kenan.mahalalel.jared.enoch.methuselah.lamech.noah.shem.arpachshad.shelah.eber.peleg.reu.serug.nahor.terah.abram.isaac.jacob.benjamin.rapha.becorath.zeror.jeiel.kish,
adam.seth.enosh.kenan.mahalalel.jared.enoch.methuselah.lamech.noah.shem.arpachshad.shelah.eber.peleg.reu.serug.nahor.terah.abram.isaac.jacob.benjamin.rapha.becorath.zeror.jeiel.baal,
adam.seth.enosh.kenan.mahalalel.jared.enoch.methuselah.lamech.noah.shem.arpachshad.shelah.eber.peleg.reu.serug.nahor.terah.abram.isaac.jacob.benjamin.rapha.becorath.zeror.jeiel.ner,
adam.seth.enosh.kenan.mahalalel.jared.enoch.methuselah.lamech.noah.shem.arpachshad.shelah.eber.peleg.reu.serug.nahor.terah.abram.isaac.jacob.benjamin.rapha.becorath.zeror.jeiel.ner.kish,
adam.seth.enosh.kenan.mahalalel.jared.enoch.methuselah.lamech.noah.shem.arpachshad.shelah.eber.peleg.reu.serug.nahor.terah.abram.isaac.jacob.benjamin.rapha.becorath.zeror.jeiel.ner.kish.saul,
adam.seth.enosh.kenan.mahalalel.jared.enoch.methuselah.lamech.noah.shem.arpachshad.shelah.eber.peleg.reu.serug.nahor.terah.abram.isaac.jacob.benjamin.rapha.becorath.zeror.jeiel.ner.kish.saul.jonathan,
adam.seth.enosh.kenan.mahalalel.jared.enoch.methuselah.lamech.noah.shem.arpachshad.shelah.eber.peleg.reu.serug.nahor.terah.abram.isaac.jacob.benjamin.rapha.becorath.zeror.jeiel.ner.kish.saul.jonathan.merib-baal,
adam.seth.enosh.kenan.mahalalel.jared.enoch.methuselah.lamech.noah.shem.arpachshad.shelah.eber.peleg.reu.serug.nahor.terah.abram.isaac.jacob.benjamin.rapha.becorath.zeror.jeiel.ner.kish.saul.jonathan.merib-baal.micah,
adam.seth.enosh.kenan.mahalalel.jared.enoch.methuselah.lamech.noah.shem.arpachshad.shelah.eber.peleg.reu.serug.nahor.terah.abram.isaac.jacob.benjamin.rapha.becorath.zeror.jeiel.ner.kish.saul.jonathan.merib-baal.micah.pithon,
adam.seth.enosh.kenan.mahalalel.jared.enoch.methuselah.lamech.noah.shem.arpachshad.shelah.eber.peleg.reu.serug.nahor.terah.abram.isaac.jacob.benjamin.rapha.becorath.zeror.jeiel.ner.kish.saul.jonathan.merib-baal.micah.melech,
adam.seth.enosh.kenan.mahalalel.jared.enoch.methuselah.lamech.noah.shem.arpachshad.shelah.eber.peleg.reu.serug.nahor.terah.abram.isaac.jacob.benjamin.rapha.becorath.zeror.jeiel.ner.kish.saul.jonathan.merib-baal.micah.tahrea,
adam.seth.enosh.kenan.mahalalel.jared.enoch.methuselah.lamech.noah.shem.arpachshad.shelah.eber.peleg.reu.serug.nahor.terah.abram.isaac.jacob.benjamin.rapha.becorath.zeror.jeiel.ner.kish.saul.jonathan.merib-baal.micah.ahaz,
adam.seth.enosh.kenan.mahalalel.jared.enoch.methuselah.lamech.noah.shem.arpachshad.shelah.eber.peleg.reu.serug.nahor.terah.abram.isaac.jacob.benjamin.rapha.becorath.zeror.jeiel.ner.kish.saul.jonathan.merib-baal.micah.ahaz.jarah,
adam.seth.enosh.kenan.mahalalel.jared.enoch.methuselah.lamech.noah.shem.arpachshad.shelah.eber.peleg.reu.serug.nahor.terah.abram.isaac.jacob.benjamin.rapha.becorath.zeror.jeiel.ner.kish.saul.jonathan.merib-baal.micah.ahaz.jarah.alemeth,
adam.seth.enosh.kenan.mahalalel.jared.enoch.methuselah.lamech.noah.shem.arpachshad.shelah.eber.peleg.reu.serug.nahor.terah.abram.isaac.jacob.benjamin.rapha.becorath.zeror.jeiel.ner.kish.saul.jonathan.merib-baal.micah.ahaz.jarah.azmaveth,
adam.seth.enosh.kenan.mahalalel.jared.enoch.methuselah.lamech.noah.shem.arpachshad.shelah.eber.peleg.reu.serug.nahor.terah.abram.isaac.jacob.benjamin.rapha.becorath.zeror.jeiel.ner.kish.saul.jonathan.merib-baal.micah.ahaz.jarah.zimri,
adam.seth.enosh.kenan.mahalalel.jared.enoch.methuselah.lamech.noah.shem.arpachshad.shelah.eber.peleg.reu.serug.nahor.terah.abram.isaac.jacob.benjamin.rapha.becorath.zeror.jeiel.ner.kish.saul.jonathan.merib-baal.micah.ahaz.jarah.zimri.moza,
adam.seth.enosh.kenan.mahalalel.jared.enoch.methuselah.lamech.noah.shem.arpachshad.shelah.eber.peleg.reu.serug.nahor.terah.abram.isaac.jacob.benjamin.rapha.becorath.zeror.jeiel.ner.kish.saul.jonathan.merib-baal.micah.ahaz.jarah.zimri.moza.binea,
adam.seth.enosh.kenan.mahalalel.jared.enoch.methuselah.lamech.noah.shem.arpachshad.shelah.eber.peleg.reu.serug.nahor.terah.abram.isaac.jacob.benjamin.rapha.becorath.zeror.jeiel.ner.kish.saul.jonathan.merib-baal.micah.ahaz.jarah.zimri.moza.binea.rephaiah,
adam.seth.enosh.kenan.mahalalel.jared.enoch.methuselah.lamech.noah.shem.arpachshad.shelah.eber.peleg.reu.serug.nahor.terah.abram.isaac.jacob.benjamin.rapha.becorath.zeror.jeiel.ner.kish.saul.jonathan.merib-baal.micah.ahaz.jarah.zimri.moza.binea.rephaiah.eleasah,
adam.seth.enosh.kenan.mahalalel.jared.enoch.methuselah.lamech.noah.shem.arpachshad.shelah.eber.peleg.reu.serug.nahor.terah.abram.isaac.jacob.benjamin.rapha.becorath.zeror.jeiel.ner.kish.saul.jonathan.merib-baal.micah.ahaz.jarah.zimri.moza.binea.rephaiah.eleasah.azel,
adam.seth.enosh.kenan.mahalalel.jared.enoch.methuselah.lamech.noah.shem.arpachshad.shelah.eber.peleg.reu.serug.nahor.terah.abram.isaac.jacob.benjamin.rapha.becorath.zeror.jeiel.ner.kish.saul.jonathan.merib-baal.micah.ahaz.jarah.zimri.moza.binea.rephaiah.eleasah.azel.azrikam,
adam.seth.enosh.kenan.mahalalel.jared.enoch.methuselah.lamech.noah.shem.arpachshad.shelah.eber.peleg.reu.serug.nahor.terah.abram.isaac.jacob.benjamin.rapha.becorath.zeror.jeiel.ner.kish.saul.jonathan.merib-baal.micah.ahaz.jarah.zimri.moza.binea.rephaiah.eleasah.azel.bocheru,
adam.seth.enosh.kenan.mahalalel.jared.enoch.methuselah.lamech.noah.shem.arpachshad.shelah.eber.peleg.reu.serug.nahor.terah.abram.isaac.jacob.benjamin.rapha.becorath.zeror.jeiel.ner.kish.saul.jonathan.merib-baal.micah.ahaz.jarah.zimri.moza.binea.rephaiah.eleasah.azel.ishmael,
adam.seth.enosh.kenan.mahalalel.jared.enoch.methuselah.lamech.noah.shem.arpachshad.shelah.eber.peleg.reu.serug.nahor.terah.abram.isaac.jacob.benjamin.rapha.becorath.zeror.jeiel.ner.kish.saul.jonathan.merib-baal.micah.ahaz.jarah.zimri.moza.binea.rephaiah.eleasah.azel.sheariah,
adam.seth.enosh.kenan.mahalalel.jared.enoch.methuselah.lamech.noah.shem.arpachshad.shelah.eber.peleg.reu.serug.nahor.terah.abram.isaac.jacob.benjamin.rapha.becorath.zeror.jeiel.ner.kish.saul.jonathan.merib-baal.micah.ahaz.jarah.zimri.moza.binea.rephaiah.eleasah.azel.obadiah,
adam.seth.enosh.kenan.mahalalel.jared.enoch.methuselah.lamech.noah.shem.arpachshad.shelah.eber.peleg.reu.serug.nahor.terah.abram.isaac.jacob.benjamin.rapha.becorath.zeror.jeiel.ner.kish.saul.jonathan.merib-baal.micah.ahaz.jarah.zimri.moza.binea.rephaiah.eleasah.azel.hanan,
adam.seth.enosh.kenan.mahalalel.jared.enoch.methuselah.lamech.noah.shem.arpachshad.shelah.eber.peleg.reu.serug.nahor.terah.abram.isaac.jacob.benjamin.rapha.becorath.zeror.jeiel.ner.kish.saul.malchi-shua,
adam.seth.enosh.kenan.mahalalel.jared.enoch.methuselah.lamech.noah.shem.arpachshad.shelah.eber.peleg.reu.serug.nahor.terah.abram.isaac.jacob.benjamin.rapha.becorath.zeror.jeiel.ner.kish.saul.abinadab,
adam.seth.enosh.kenan.mahalalel.jared.enoch.methuselah.lamech.noah.shem.arpachshad.shelah.eber.peleg.reu.serug.nahor.terah.abram.isaac.jacob.benjamin.rapha.becorath.zeror.jeiel.ner.kish.saul.eshbaal,
adam.seth.enosh.kenan.mahalalel.jared.enoch.methuselah.lamech.noah.shem.arpachshad.shelah.eber.peleg.reu.serug.nahor.terah.abram.isaac.jacob.benjamin.rapha.becorath.zeror.jeiel.nadab,
adam.seth.enosh.kenan.mahalalel.jared.enoch.methuselah.lamech.noah.shem.arpachshad.shelah.eber.peleg.reu.serug.nahor.terah.abram.isaac.jacob.benjamin.rapha.becorath.zeror.jeiel.gedor,
adam.seth.enosh.kenan.mahalalel.jared.enoch.methuselah.lamech.noah.shem.arpachshad.shelah.eber.peleg.reu.serug.nahor.terah.abram.isaac.jacob.benjamin.rapha.becorath.zeror.jeiel.ahio,
adam.seth.enosh.kenan.mahalalel.jared.enoch.methuselah.lamech.noah.shem.arpachshad.shelah.eber.peleg.reu.serug.nahor.terah.abram.isaac.jacob.benjamin.rapha.becorath.zeror.jeiel.zechariah,
adam.seth.enosh.kenan.mahalalel.jared.enoch.methuselah.lamech.noah.shem.arpachshad.shelah.eber.peleg.reu.serug.nahor.terah.abram.isaac.jacob.benjamin.rapha.becorath.zeror.jeiel.mikloth,
adam.seth.enosh.kenan.mahalalel.jared.enoch.methuselah.lamech.noah.shem.arpachshad.shelah.eber.peleg.reu.serug.nahor.terah.abram.isaac.jacob.benjamin.rapha.becorath.zeror.jeiel.mikloth.shimeam,
adam.seth.enosh.kenan.mahalalel.jared.enoch.methuselah.lamech.noah.shem.arpachshad.shelah.eber.peleg.reu.serug.nahor.terah.abram.isaac.jacob.dinah,
adam.seth.enosh.kenan.mahalalel.jared.enoch.methuselah.lamech.noah.shem.arpachshad.shelah.eber.peleg.reu.serug.nahor.terah.abram.zimran,
adam.seth.enosh.kenan.mahalalel.jared.enoch.methuselah.lamech.noah.shem.arpachshad.shelah.eber.peleg.reu.serug.nahor.terah.abram.jokshan,
adam.seth.enosh.kenan.mahalalel.jared.enoch.methuselah.lamech.noah.shem.arpachshad.shelah.eber.peleg.reu.serug.nahor.terah.abram.medan,
adam.seth.enosh.kenan.mahalalel.jared.enoch.methuselah.lamech.noah.shem.arpachshad.shelah.eber.peleg.reu.serug.nahor.terah.abram.midian,
adam.seth.enosh.kenan.mahalalel.jared.enoch.methuselah.lamech.noah.shem.arpachshad.shelah.eber.peleg.reu.serug.nahor.terah.abram.ishbak,
adam.seth.enosh.kenan.mahalalel.jared.enoch.methuselah.lamech.noah.shem.arpachshad.shelah.eber.peleg.reu.serug.nahor.terah.abram.shuah,
adam.seth.enosh.kenan.mahalalel.jared.enoch.methuselah.lamech.noah.shem.arpachshad.shelah.eber.peleg.reu.serug.nahor.terah.nahor,
adam.seth.enosh.kenan.mahalalel.jared.enoch.methuselah.lamech.noah.shem.arpachshad.shelah.eber.peleg.reu.serug.nahor.terah.nahor.uz,
adam.seth.enosh.kenan.mahalalel.jared.enoch.methuselah.lamech.noah.shem.arpachshad.shelah.eber.peleg.reu.serug.nahor.terah.nahor.buz,
adam.seth.enosh.kenan.mahalalel.jared.enoch.methuselah.lamech.noah.shem.arpachshad.shelah.eber.peleg.reu.serug.nahor.terah.nahor.kemuel,
adam.seth.enosh.kenan.mahalalel.jared.enoch.methuselah.lamech.noah.shem.arpachshad.shelah.eber.peleg.reu.serug.nahor.terah.nahor.chesed,
adam.seth.enosh.kenan.mahalalel.jared.enoch.methuselah.lamech.noah.shem.arpachshad.shelah.eber.peleg.reu.serug.nahor.terah.nahor.hazo,
adam.seth.enosh.kenan.mahalalel.jared.enoch.methuselah.lamech.noah.shem.arpachshad.shelah.eber.peleg.reu.serug.nahor.terah.nahor.pildash,
adam.seth.enosh.kenan.mahalalel.jared.enoch.methuselah.lamech.noah.shem.arpachshad.shelah.eber.peleg.reu.serug.nahor.terah.nahor.jidlaph,
adam.seth.enosh.kenan.mahalalel.jared.enoch.methuselah.lamech.noah.shem.arpachshad.shelah.eber.peleg.reu.serug.nahor.terah.nahor.bethuel,
adam.seth.enosh.kenan.mahalalel.jared.enoch.methuselah.lamech.noah.shem.arpachshad.shelah.eber.peleg.reu.serug.nahor.terah.nahor.bethuel.rebekah,
adam.seth.enosh.kenan.mahalalel.jared.enoch.methuselah.lamech.noah.shem.arpachshad.shelah.eber.peleg.reu.serug.nahor.terah.nahor.bethuel.laban,
adam.seth.enosh.kenan.mahalalel.jared.enoch.methuselah.lamech.noah.shem.arpachshad.shelah.eber.peleg.reu.serug.nahor.terah.nahor.bethuel.laban.leah,
adam.seth.enosh.kenan.mahalalel.jared.enoch.methuselah.lamech.noah.shem.arpachshad.shelah.eber.peleg.reu.serug.nahor.terah.nahor.bethuel.laban.rachael,
adam.seth.enosh.kenan.mahalalel.jared.enoch.methuselah.lamech.noah.shem.lud,
adam.seth.enosh.kenan.mahalalel.jared.enoch.methuselah.lamech.noah.shem.aram,
adam.seth.enosh.kenan.mahalalel.jared.enoch.methuselah.lamech.noah.japheth,
adam.seth.enosh.kenan.mahalalel.jared.enoch.methuselah.lamech.noah.ham,
adam.seth.enosh.kenan.mahalalel.jared.enoch.methuselah.lamech.noah.ham.cush,
adam.seth.enosh.kenan.mahalalel.jared.enoch.methuselah.lamech.noah.ham.mizraim,
adam.seth.enosh.kenan.mahalalel.jared.enoch.methuselah.lamech.noah.ham.put,
adam.seth.enosh.kenan.mahalalel.jared.enoch.methuselah.lamech.noah.ham.canaan,
